Workbook

Sheet Totals
A3: Total conversations | B3: 13
A4: Completed conversations | B4: 13
A5: Successful conversations | B5: 11 | C5: =B5/B4 -> 0.84615385 | D5: P5 was rated as an unsuccessful interview due to a programming error throwing the conversation off track and thus excluded from futher analysis.
A6: Conversations in German | B6: 6 | D6: P9 was rated as unsuccessful due to the agent giving inappropriate responses based on the current step and hallucinating contexts and strategies, leading to a large number of failed steps
A7: Conversations in English | B7: 7
D8: P1 | E8: P2 | F8: P3 | G8: P4 | H8: P5 | I8: P6 | J8: P7 | K8: P8 | L8: P9 | M8: P10 | N8: P11 | O8: P12 | P8: P13
A9: Timings - all time measurements are given in hh:mm:ss format
A10: Time taken to complete conversations | D10: =(P1!S2) -> 0.028805451 | E10: =(P2!S2) -> 0.018909641 | F10: =(P3!S2) -> 0.023719468 | G10: =(P4!S2) -> 0.010753449 | H10: =(P5!S2) -> 0.10932016 | I10: =(P6!S2) -> 0.013694792 | J10: =(P7!S2) -> 11.919634 | K10: =(P8!S2) -> 0.010435417 | L10: =(P9!S2) -> 0.045933542 | M10: =(P10!S2) -> 3.1094405 | N10: =(P11!S2) -> 7.2110635 | O10: =(P12!S2) -> 11.362769 | P10: =(P13!S2) -> 3.2048686
A11: Active time (minus any periods where more than 15 minutes elapsed between messages) | D11: =(P1!S2) -> 0.028805451 | E11: =(P2!S2) -> 0.018909641 | F11: =(P3!S2) -> 0.023719468 | G11: =(P4!S2) -> 0.010753449 | H11: =(P5!S4) -> 0.063424583 | I11: =(P6!S2) -> 0.013694792 | J11: =(P7!S4) -> 0.017833715 | K11: =(P8!S2) -> 0.010435417 | L11: =(P9!S4) -> 0.033049363 | M11: =(P10!S4) -> 0.029550394 | N11: =(P11!S4) -> 0.010905567 | O11: =(P12!S4) -> 0.036996644 | P11: =(P13!S4) -> 0.020863854
A12: Longest time taken to complete | B12: =MAX(D10:G10,I10:K10,M10:P10) -> 11.919634
A13: Longest active time taken to complete | B13: =MAX(D11:G11,I11:K11,M11:P11) -> 0.036996644
A14: Shortest time taken to complete | B14: =MIN(D10:G10,I10:K10,M10:P10) -> 0.010435417
A15: Average time to complete | B15: =AVERAGE(D10:G10,I10:K10,M10:P10) -> 3.3558267
A16: Average active time to complete | B16: =AVERAGE(D11:G11,I11:K11,M11:P11) -> 0.020224399
A17: Median time to complete | B17: =MEDIAN(D10:G10,I10:K10,M10:P10) -> 0.028805451
A18: Median active time to complete | B18: =MEDIAN(D11:G11,I11:K11,M11:P11) -> 0.018909641
A20: Number of interactions resulting in errors (note: 1 fix applied while test in progress)
A21: Number of search results for 'ERROR' across app logs | B21: 17
A22: Number of search results for 'Invalid JSON' across app logs | B22: 122
A23: Number of search results for 'JSON is valid' across app logs | B23: 337
G24: Incorrect
A25: Total number of messages sent by agent | B25: {=SUM(COUNTIF(INDIRECT("'"&{"P1","P2","P3","P4","P6","P7","P8","P10","P11","P12","P13"}&"'!N7:N200"),"agent"))} -> 47918 | D25: Strategy step: | F25: =SUM(P1:P13!R2) -> 125 | G25: =(47/F25) -> 0.376
A26: Number of messages sent by users | B26: {=SUM(COUNTIF(INDIRECT("'"&{"P1","P2","P3","P4","P6","P7","P8","P10","P11","P12","P13"}&"'!N7:N200"),"user"))} -> 45784 | D26: Frequency step: | F26: =SUM(P1:P13!R3) -> 133 | G26: =(15/F26) -> 0.11278195
D27: "Complete" step: | F27: =SUM(P1:P13!R4) -> 40 | G27: =(17/F27) -> 0.425
A28: Rate of unexpected input received | B28: =1-(SUM(P1:P4!F2,P6:P8!F2,P10:P13!F2)/COUNTA(P1:P4!F2,P6:P8!F2,P10:P13!F2)) -> 0.10378104
A29: Success rate of handling unexpected input | B29: =SUM(P1:P4!G2,P7:P8!G2,P10:P13!G2)/COUNTA(P1:P4!G2,P7:P8!G2,P10:P13!G2) -> 0.68690476 | C29: Note: P6 did not have any unexpected input from the user so is excluded from this calculation
A31: Success rate of using appropriate degrees of formality and linguistic register | B31: =SUM(P1:P4!I2,P6:P8!I2,P10:P13!I2)/COUNTA(P1:P4!I2,P6:P8!I2,P10:P13!I2) -> 0.74086235
A33: Success rate of executing steps correctly | B33: =SUM(P1:P4!D2,P6:P8!D2,P10:P13!D2)/COUNTA(P1:P4!D2,P6:P8!D2,P10:P13!D2) -> 0.80371673 | C33: =SUM(P1:P13!D2)/COUNTA(P1:P13!D2) -> 0.73628849 | D33: =C33*247 -> 181.86326
A35: Success rate of classifying learning strategies like a human coder | B35: =SUM(P1:P4!C2,P6:P13!C2)/COUNTA(P1:P4!C2,P6:P13!C2) -> 0.47288037
A37: Success rate of responding to user mood and sentiment | B37: =SUM(P1:P4!L2,P6:P8!L2,P10:P13!L2)/COUNTA(P1:P4!L2,P6:P8!L2,P10:P13!L2) -> 0.76047538
A40: Percentage of user messages with tone ranked as 5 (very positive) | B40: =SUM(P1:P4!K6,P6:P8!K6,P10:P13!K6)/B26 -> 0
A41: Percentage of user messages with tone ranked as 4 (positive) | B41: =SUM(P1:P4!K5,P6:P8!K5,P10:P13!K5)/B26 -> 0.00013105015
A42: Percentage of user messages with tone ranked as 3 (neutral) | B42: =SUM(P1:P4!K4,P6:P8!K4,P10:P13!K4)/B26 -> 0.0049143806
A43: Percentage of user messages with tone ranked as 2 (negative) | B43: =SUM(P1:P4!K3,P6:P8!K3,P10:P13!K3)/B26 -> 0.00010920846
A44: Percentage of user messages with tone ranked as 1 (very negative) | B44: =SUM(P1:P4!K2,P6:P8!K2,P10:P13!K2)/B26 -> 0
B45: =SUM(B40:B44) -> 0.0051546392

Sheet ResponseTimes
A1: User message | B1: Agent response | C1: Difference (mm:ss.000) | E1: User message | F1: Latency between time message appears in Discord and logged in API logs
A2: 45581.385 | B2: 45581.385 | C2: =(B2-A2) -> 7.1053241e-05 | D2: =CEILING(C2,"00:00:05") -> 0.00011574074 | E2: I'm doing my masters degree in chemical engineering specifically in material sciences. I also did my bachelors in chemical engineering. | F2: Discord Time | G2: API log time
A3: 45581.39 | B3: 45581.39 | C3: =(B3-A3) -> 0.00016341435 | D3: =CEILING(C3,"00:00:05") -> 0.00017361111 | E3: I try to take a break where I go for a walk or read something, where I get out of the environment where I'm studying. Then I try to make a list for myself, prioritise some tasks and divide everything into smaller sections so it feels easier to tackle it. | F3: 45580.522 | G3: 45580.522 | H3: =ABS(G3-F3) -> 3.6111087e-06
A4: 45581.393 | B4: 45581.393 | C4: =(B4-A4) -> 8.2766204e-05 | D4: =CEILING(C4,"00:00:05") -> 0.00011574074 | E4: 3 | F4: 45579.753 | G4: 45579.753 | H4: =ABS(G4-F4) -> 1.2962992e-06
A5: 45581.398 | B5: 45581.398 | C5: =(B5-A5) -> 0.00015613426 | D5: =CEILING(C5,"00:00:05") -> 0.00017361111 | E5: I either try to do it on my own with what we learned during the course and then find some references to check if I was correct. Or I try to find someone who I know is more knowledgeable than me and ask them to explain the problem to me. | F5: 45579.753 | G5: 45579.753 | H5: =ABS(G5-F5) -> 3.3912002e-06
A6: 45581.399 | B6: 45581.399 | C6: =(B6-A6) -> 9.3009259e-05 | D6: =CEILING(C6,"00:00:05") -> 0.00011574074 | E6: 4 | F6: 45579.753 | G6: 45579.753 | H6: =ABS(G6-F6) -> 2.0138905e-06
A7: 45581.407 | B7: 45581.407 | C7: =(B7-A7) -> 9.3402778e-05 | D7: =CEILING(C7,"00:00:05") -> 0.00011574074 | E7: 4 | F7: 45579.753 | G7: 45579.753 | H7: =ABS(G7-F7) -> 3.5416597e-06
A8: 45581.407 | B8: 45581.407 | C8: =(B8-A8) -> 5.7638889e-05 | D8: =CEILING(C8,"00:00:05") -> 5.787037e-05 | E8: 3 | F8: 45579.753 | G8: 45579.753 | H8: =ABS(G8-F8) -> 2.1296291e-06
A9: 45581.409 | B9: 45581.409 | C9: =(B9-A9) -> 5.7881933e-05 | D9: =CEILING(C9,"00:00:05") -> 0.00011574074 | E9: Can you clarify for me what do you mean by 'methods' when writing a scientific paper? | F9: 45579.754 | G9: 45579.754 | H9: =ABS(G9-F9) -> 3.7268473e-06
A10: 45592.688 | B10: 45592.688 | C10: =(B10-A10) -> 0.00024592593 | D10: =CEILING(C10,"00:00:05") -> 0.00028935185 | E10: Before summarizing and explaining my own research, I always like to write about the already existing studies that I have read through and used as inspiration. For categorising these articles I use Mendeley plugin, because it makes things easier. After that I like to write out a table of contents with small explanations of every part and look it through if it's coherent. Than if I'm happy with it, I start to write out my findings that I already put into folders. I try to break down every method into different folders, so different results are easy to find. | F10: 45580.52 | G10: 45580.52 | H10: =ABS(G10-F10) -> 5.3472177e-06
A11: 45592.688 | B11: 45592.689 | C11: =(B11-A11) -> 0.00018209491 | D11: =CEILING(C11,"00:00:05") -> 0.00023148148 | E11: 4 | F11: 45580.52 | G11: 45580.52 | H11: =ABS(G11-F11) -> 1.3078752e-06
A12: 45592.689 | B12: 45592.689 | C12: =(B12-A12) -> 0.00021148148 | D12: =CEILING(C12,"00:00:05") -> 0.00023148148 | E12: 4 | F12: 45579.809 | G12: 45579.809 | H12: =ABS(G12-F12) -> 3.194451e-06
A13: 45592.689 | B13: 45592.69 | C13: =(B13-A13) -> 0.00013657407 | D13: =CEILING(C13,"00:00:05") -> 0.00017361111 | E13: 4 | F13: 45579.809 | G13: 45579.809 | H13: =ABS(G13-F13) -> 1.7129642e-06
A14: 45592.691 | B14: 45592.692 | C14: =(B14-A14) -> 0.0002774537 | D14: =CEILING(C14,"00:00:05") -> 0.00028935185 | E14: I usually write out notes on my iPad with a pen. If the professor provided the presentation notes before class, than I like to use that as a basis and supplement it with my own thoughts and the stuff that was said at the lecture.
A15: 45592.692 | B15: 45592.692 | C15: =(B15-A15) -> 0.00017731481 | D15: =CEILING(C15,"00:00:05") -> 0.00023148148 | E15: 3 | G15: Average difference: | H15: =AVERAGE(H3:H13) -> 2.843013e-06
A16: 45592.692 | B16: 45592.693 | C16: =(B16-A16) -> 0.00034048611 | D16: =CEILING(C16,"00:00:05") -> 0.00034722222 | E16: 3
A17: 45592.694 | B17: 45592.694 | C17: =(B17-A17) -> 0.00022505787 | D17: =CEILING(C17,"00:00:05") -> 0.00023148148 | E17: I like to read through my notes that I made for the exams as many times as I can, sometimes even out loud. If it's a very difficult exam than I like to try and explain it to some of my friends who might not know this subject, so I have to make things clear for them to understand. | F17: Response Time | G17: Number of messages | H17: Percentage of agent messages
A18: 45592.694 | B18: 45592.695 | C18: =(B18-A18) -> 0.00040253472 | D18: =CEILING(C18,"00:00:05") -> 0.00040509259 | E18: 4 | F18: Less than 3" | G18: =COUNTIFS(C:C,"<"&3/(24*60*60)) -> 1 | H18: =G18/(SUM(G18:G25)) -> 0.0037878788
A19: 45592.695 | B19: 45592.696 | C19: =(B19-A19) -> 0.00028726852 | D19: =CEILING(C19,"00:00:05") -> 0.00028935185 | E19: 2 | F19: 3" - <5" | G19: =COUNTIFS(C:C,">="&3/(24*60*60),C:C,"<"&5/(24*60*60)) -> 3 | H19: =G19/(SUM(G18:G25)) -> 0.011363636
A20: 45592.697 | B20: 45592.697 | C20: =(B20-A20) -> 9.7615741e-05 | D20: =CEILING(C20,"00:00:05") -> 0.00011574074 | E20: 2 | F20: 5" - <10" | G20: =COUNTIFS(C:C,">="&5/(24*60*60),C:C,"<"&10/(24*60*60)) -> 36 | H20: =G20/(SUM(G18:G25)) -> 0.13636364
A21: 45592.699 | B21: 45592.7 | C21: =(B21-A21) -> 0.00018101852 | D21: =CEILING(C21,"00:00:05") -> 0.00023148148 | E21: Using the textbook written about the subject, if it exists and using mostly the notes provided by the professors. I like using my own notes because I already wrote things in a way I will understand it. If it's necessary than I will look for more online sources maybe videos explaining the subject. | F21: 10" - <15" | G21: =COUNTIFS(C:C,">="&10/(24*60*60),C:C,"<"&15/(24*60*60)) -> 81 | H21: =G21/(SUM(G18:G25)) -> 0.30681818
A22: 45592.7 | B22: 45592.701 | C22: =(B22-A22) -> 9.2719907e-05 | D22: =CEILING(C22,"00:00:05") -> 0.00011574074 | E22: 4 | F22: 15" - <20" | G22: =COUNTIFS(C:C,">="&15/(24*60*60),C:C,"<"&20/(24*60*60)) -> 62 | H22: =G22/(SUM(G19:G26)) -> 0.23574124
A23: 45592.701 | B23: 45592.701 | C23: =(B23-A23) -> 0.00019023148 | D23: =CEILING(C23,"00:00:05") -> 0.00023148148 | E23: 4 | F23: 20" - <30" | G23: =COUNTIFS(C:C,">="&20/(24*60*60),C:C,"<"&30/(24*60*60)) -> 49 | H23: =G23/(SUM(G19:G26)) -> 0.18631163
A24: 45592.704 | B24: 45592.704 | C24: =(B24-A24) -> 0.00027148148 | D24: =CEILING(C24,"00:00:05") -> 0.00028935185 | E24: I found that the Pomodoro technique works great for me when I have to review my notes. When I have to write papers I tend to forget about time. But I definitely would like improve my motivation in general and find strategies that I can implement to reduce my procastination. | F24: 30" - <1' | G24: =COUNTIFS(C:C,">="&30/(24*60*60),C:C,"<"&60/(24*60*60)) -> 26 | H24: =G24/(SUM(G18:G25)) -> 0.098484848
A25: 45592.706 | B25: 45592.706 | C25: =(B25-A25) -> 0.00026112269 | D25: =CEILING(C25,"00:00:05") -> 0.00028935185 | E25: I really like the 5-second rule, I will definitely try to implement it in the future when I feel the procastination coming in or when I have no motivation. | F25: 1' or more | G25: =COUNTIFS(C:C,">="&60/(24*60*60)) -> 6 | H25: =G25/(SUM(G18:G25)) -> 0.022727273
D26: =CEILING(C26,"00:00:05") -> 0 | F26: Average | G26: =AVERAGE(C:C) -> 0.00022439333
A27: 2024-10-17 11:36:16,072 | B27: 2024-10-17 11:36:28,419 | C27: =(B27-A27) -> 0.00014290509 | D27: =CEILING(C27,"00:00:05") -> 0.00017361111 | E27: In Psychologie, Bachelor of Science | F27: Total | G27: =SUM(G18:G25) -> 264
A28: 45582.487 | B28: 45582.487 | C28: =(B28-A28) -> 0.00058590278 | D28: =CEILING(C28,"00:00:05") -> 0.00063657407 | E28: Ja gerne. Nachdem ich weiß, was die Vision und das Ziel ist, und ich meine wissenschafliche Arbeit durchgeführt habe und un den Bericht verfassen muss, gehe ich so vor, dass ich zunächst das Abstract schreibe. Dadurch weiß ich, ob ich meine Arbeit gut darstellen kann. Anschließend fange ich damit an die ganze Arbeit strukturell aufzubauen und zu entscheiden, welche Kapitel ich brauche. Dann fange ich an mit dem Outlining meiner Arbeit und setze bereits wichtige Tabellen und Bilder in meine Arbeit ein. Darin schreibe ich überall punktuell rein, was ich dem Leser über meine Arbeit berichten möchte. Dieses Outline verfeinere ich immer wieder, bis ich zufrieden bin. Anschließend arbeite ich jeden Punkt aus, und entwickle ganze Sätze. Die Sätze sind noch sehr grob und enthalten fehler. Allerdings schreibe ich zügig und verfeinere die Sprache dann zum Schluss. Final zeige ich Kollegen meine Arbeit und hole mir Feedback dazu ein. Das mache ich immer weiter, bis keine Kritik mehr vorhanden ist. Dann reiche ich meine Arbeit fristgerecht ein.
A29: 45582.488 | B29: 45582.488 | C29: =(B29-A29) -> 0.00032418981 | D29: =CEILING(C29,"00:00:05") -> 0.00034722222 | E29: Ich verwende sie meistens, also 4. Ich bin bereits eingeübt in dieser Prozedur und habe gute Ergebnisse erzielt. Ich denke, ich werde immer noch etwas besser und würde es beibehalten. | F29: Difference (mm:ss.000) | G29: Frequency
A30: 45582.491 | B30: 45582.491 | C30: =(B30-A30) -> 0.00028258102 | D30: =CEILING(C30,"00:00:05") -> 0.00028935185 | E30: Selbsterkärungen nutze ich auch meistens (4). Häufig mache ich mir dazu vorher Concept Maps am Whiteboard, oder Mindmaps auf dem Papier. Dann gehe ich diese durch Selbstgespräche durch und versuche mich zu hinterfragen, ob ich nicht etwas falsch sehe, oder übersehen habe. Wenn ich garnicht weiter komme, mache ich ein Miro Board auf, was digital ist. Darin mache ich ein sogenanntes Question Storming und sammele lediglich Fragen die mir bezüglich meiner Arbeit in den Sinn kommen. Dafür nehme ich mir mehrere Stunden. Anschließend versuche ich die Fragen zu strukturieren und als Anhaltspunkte zu nutzen, um weitere Recherchen durchzuführen. Das Fragenstellen ist führt meistens zu kritischen Fragen die mir dabei helfen, weitere Erklärungen zu finden. Die Erklärungen schreibe ich dann auch als Postits in das Miro. | F30: 3.2037037e-05 | G30: 1
A31: 45582.493 | B31: 45582.494 | C31: =(B31-A31) -> 0.00080571759 | D31: =CEILING(C31,"00:00:05") -> 0.00081018519 | E31: Ja, in der Regel sind die wissenschaftlichen Arbeiten bei uns in der Psychologie nach einem gewissen Schema aufgebaut, an dem sich alle Studierenden orientieren. Darunter gehört Einführung, Methodik, Auswertung und Resultate, sowie Limitationen und Diskussionen. Dabei versuche ich immer für den Leser eine Art Story aufzubauen und einen roten Pfaden mitzugeben. Wenn ich merke, dass manche Bereiche zu groß sind, versuche ich diese noch mal aufzuteilen. In letzter Zeit schreibe ich aber auch schon bei Resultaten kleinere Diskussionen und Limitationen, damit der Leser nicht erst zu spät am Ende des Berichts damit konfrontiert wird. Also ich muss garnicht sosehr selbst entscheiden, welche Kapitel es gibt. | F31: 3.7974537e-05 | G31: 1
A32: 45582.495 | B32: 45582.495 | C32: =(B32-A32) -> 0.00037457176 | D32: =CEILING(C32,"00:00:05") -> 0.00040509259 | E32: Ich habe diese meistens verwendet. Aber ich glaube du hast dich mit deinem Feedback wiederholt und bist nicht auf meine letzte Nachricht eingegangen. Wie sollen wir weiter verfahren? | F32: 3.8935197e-05 | G32: 1
A33: 45582.496 | B33: 45582.496 | C33: =(B33-A33) -> 0.00031040509 | D33: =CEILING(C33,"00:00:05") -> 0.00034722222 | E33: Durch das Outlining kann ich mir sehr gut überlegen, wie ich meine Geschichte erzählen will und welche Dinge ich hervorhebe und auf was ich hinweisen möchte. Da alles in dieser Phase noch stark komprimiert ist, habe ich einen guten Überblick und kann kritisch hinterfragen, ob der Rote Pfaden ersichtlich ist. | F33: 5.7638889e-05 | G33: 1
A34: 45582.497 | B34: 45582.497 | C34: =(B34-A34) -> 0.0003478588 | D34: =CEILING(C34,"00:00:05") -> 0.00040509259 | E34: Bei mündlichen und schriftlichen Prüfungen verwende ich diese Strategie nie, also 1 | F34: 5.7881933e-05 | G34: 1
A35: 45582.497 | B35: 45582.498 | C35: =(B35-A35) -> 0.00030030093 | D35: =CEILING(C35,"00:00:05") -> 0.00034722222 | E35: Sehr oft, also 4 | F35: 6.4363426e-05 | G35: 1
A36: 45582.499 | B36: 45582.5 | C36: =(B36-A36) -> 0.0004424537 | D36: =CEILING(C36,"00:00:05") -> 0.00046296296 | E36: Bei schwierigen Texten, nehme ich mir mehr Zeit. Manchmal mache ich auch eine Pause um mich zu erholen, da mir vielleicht nur gerade die Energie fehlt, den Text zu verarbeiten. Wenn der Text immer noch schwierig ist, schreibe ich mir eine eigenen Erklärungstext, worin ich die Inhalte stück für stück auseinander nehne und jeden Teil versuche einzeln zu verstehen, bevor ich das ganze verstehe. Sollte es garnicht klappen, nutze ich chatgpt und frage, was der Autor mir mit dem Text wahrscheinlich sagen möchte, aber das passiert sehr selten. | F36: 6.5925926e-05 | G36: 1
A37: 45582.5 | B37: 45582.501 | C37: =(B37-A37) -> 0.0003944213 | D37: =CEILING(C37,"00:00:05") -> 0.00040509259 | E37: 4 | F37: 7.1053241e-05 | G37: 1
A38: 45582.501 | B38: 45582.501 | C38: =(B38-A38) -> 9.5879618e-05 | D38: =CEILING(C38,"00:00:05") -> 0.00011574074 | E38: Manchmal | F38: 7.2002303e-05 | G38: 1
A39: 45582.502 | B39: 45582.502 | C39: =(B39-A39) -> 0.00015277778 | D39: =CEILING(C39,"00:00:05") -> 0.00017361111 | E39: Ich nutze Notion.so, eine Online App worin ich für jedes Studienfach eine eigene Seite anlege. Darin lege ich dann Tabellen an wo jede Zeile ein Konzept ist. Darin bearbeite ich dann die Lerninhalte und habe immer eine Übersicht über meinen Fortschritt | F39: 7.4872685e-05 | G39: 1
A40: 45582.502 | B40: 45582.502 | C40: =(B40-A40) -> 0.00031177083 | D40: =CEILING(C40,"00:00:05") -> 0.00034722222 | E40: immer | F40: 7.8136574e-05 | G40: 1
A41: 45582.502 | B41: 45582.503 | C41: =(B41-A41) -> 0.00017527778 | D41: =CEILING(C41,"00:00:05") -> 0.00023148148 | E41: Oft | F41: 8.2766204e-05 | G41: 1
A42: 45582.503 | B42: 45582.503 | C42: =(B42-A42) -> 0.00010768519 | D42: =CEILING(C42,"00:00:05") -> 0.00011574074 | E42: 4 | F42: 8.3877315e-05 | G42: 1
A43: 45582.504 | B43: 45582.504 | C43: =(B43-A43) -> 0.00023766204 | D43: =CEILING(C43,"00:00:05") -> 0.00028935185 | E43: Weil die Inhalte auch in Büchern oder Skripten verschriftlicht sind, höre ich Live Verantstaltungen lediglich zu. Ich versuche mich auf das zuhören zu konzentrieren und herauszuhören, was besonders wichtig ist. Am Ende mache ich mir aus dem Gedächtnis Notizen, was besonders interessant war und was ich vertiefen möchte | F43: 8.6840278e-05 | G43: 1
A44: 45582.504 | B44: 45582.504 | C44: =(B44-A44) -> 0.00014421296 | D44: =CEILING(C44,"00:00:05") -> 0.00017361111 | E44: 4 | F44: 8.7766204e-05 | G44: 1
A45: 45582.504 | B45: 45582.505 | C45: =(B45-A45) -> 0.00015324074 | D45: =CEILING(C45,"00:00:05") -> 0.00017361111 | E45: 1 | F45: 9.2719907e-05 | G45: 1
A46: 45582.505 | B46: 45582.505 | C46: =(B46-A46) -> 0.00036591435 | D46: =CEILING(C46,"00:00:05") -> 0.00040509259 | E46: 4 | F46: 9.3009259e-05 | G46: 1
A47: 45582.506 | B47: 45582.506 | C47: =(B47-A47) -> 0.00049144676 | D47: =CEILING(C47,"00:00:05") -> 0.00052083333 | E47: Das habe ich bereits beantwortet | F47: 9.3402778e-05 | G47: 1
A48: 45582.507 | B48: 45582.507 | C48: =(B48-A48) -> 0.00038829861 | D48: =CEILING(C48,"00:00:05") -> 0.00040509259 | E48: Du hast gefragt wie ich mit unverständlichen Konzepten umgehen. Ich habe dir das beantwortet. Du hast schon geschrieben: "Die Methode, einen eigenen Erklärungstext zu schreiben, ist auch sehr hilfreich. Indem du die Inhalte in kleinere Teile aufspaltest und jeden Teil einzeln verstehst, kannst du komplexe Informationen besser aufnehmen und verarbeiten." Was genau willst du dann noch von mir wissen? Beantwortet das nicht die Frage schon? | F48: 9.3518519e-05 | G48: 1
A49: 45582.508 | B49: 45582.508 | C49: =(B49-A49) -> 0.00021832176 | D49: =CEILING(C49,"00:00:05") -> 0.00023148148 | E49: 4 | F49: 9.5879618e-05 | G49: 1
A50: 45582.508 | B50: 45582.509 | C50: =(B50-A50) -> 0.00027844907 | D50: =CEILING(C50,"00:00:05") -> 0.00028935185 | E50: Was kann ich noch beim Lernen besser machen und optimieren? Kannst du mir Tipps, Vorschläge geben, über Dinge die ich noch nicht mache oder die noch hilfreich wären? | F50: 9.6377315e-05 | G50: 1
A51: 45582.509 | B51: 45582.51 | C51: =(B51-A51) -> 0.00064590277 | D51: =CEILING(C51,"00:00:05") -> 0.00069444444 | E51: Ich bin offen für neue Strategien. Meine bekannten Strategien kennst du ja jetzt vom Chatverlauf | F51: 9.7615741e-05 | G51: 1
A52: 45582.51 | B52: 45582.511 | C52: =(B52-A52) -> 0.0010303935 | D52: =CEILING(C52,"00:00:05") -> 0.0010416667 | E52: Denkst du noch nach? Du hast noch keine Vorschläge geschrieben | F52: 9.7835648e-05 | G52: 1
A53: 45582.512 | B53: 45582.512 | C53: =(B53-A53) -> 0.00014269676 | D53: =CEILING(C53,"00:00:05") -> 0.00017361111 | E53: Danke. Das sind alles, bis auf Lerngruppen, bereits Dinge die ich tue und dir mehr oder weniger schon geschildert habe. Also habe ich im Grunde nicht viel zu verbessern? | F53: 9.7905093e-05 | G53: 1
A54: 45583.607 | B54: 45583.607 | C54: =(B54-A54) -> 0.00017363426 | D54: =CEILING(C54,"00:00:05") -> 0.00023148148 | E54: Informationsmanagement | F54: 0.00010002315 | G54: 1
A55: 45583.607 | B55: 45583.607 | C55: =(B55-A55) -> 0.00023881944 | D55: =CEILING(C55,"00:00:05") -> 0.00028935185 | E55: Lerngruppe, Zusammenfassungen | F55: 0.00010127315 | G55: 1
A56: 45583.608 | B56: 45583.608 | C56: =(B56-A56) -> 0.00016085648 | D56: =CEILING(C56,"00:00:05") -> 0.00017361111 | E56: 4 | F56: 0.00010366898 | G56: 1
A57: 45583.608 | B57: 45583.609 | C57: =(B57-A57) -> 0.00013033565 | D57: =CEILING(C57,"00:00:05") -> 0.00017361111 | E57: 1 | F57: 0.00010412037 | G57: 1
A58: 45583.609 | B58: 45583.609 | C58: =(B58-A58) -> 0.00023865741 | D58: =CEILING(C58,"00:00:05") -> 0.00028935185 | E58: Lesen und wichtiges markieren | F58: 0.00010533565 | G58: 1
A59: 45583.61 | B59: 45583.61 | C59: =(B59-A59) -> 0.00021982639 | D59: =CEILING(C59,"00:00:05") -> 0.00023148148 | E59: 3 | F59: 0.00010592593 | G59: 1
A60: 45583.611 | B60: 45583.611 | C60: =(B60-A60) -> 0.00016930556 | D60: =CEILING(C60,"00:00:05") -> 0.00017361111 | E60: Screenshots und Notizen | F60: 0.00010712963 | G60: 1
A61: 45583.612 | B61: 45583.612 | C61: =(B61-A61) -> 0.00016655093 | D61: =CEILING(C61,"00:00:05") -> 0.00017361111 | E61: 3 | F61: 0.00010768519 | G61: 1
A62: 45583.614 | B62: 45583.614 | C62: =(B62-A62) -> 0.00028946759 | D62: =CEILING(C62,"00:00:05") -> 0.00034722222 | E62: Ich hab noch nie eine geschrieben | F62: 0.00010859954 | G62: 1
A63: 45583.614 | B63: 45583.615 | C63: =(B63-A63) -> 0.00019423611 | D63: =CEILING(C63,"00:00:05") -> 0.00023148148 | E63: Altklausuren Zusammenfassung lernen wiederholen | F63: 0.00010940972 | G63: 1
A64: 45583.615 | B64: 45583.615 | C64: =(B64-A64) -> 0.00032429398 | D64: =CEILING(C64,"00:00:05") -> 0.00034722222 | E64: Checklisten | F64: 0.0001103588 | G64: 1
A65: 45583.616 | B65: 45583.616 | C65: =(B65-A65) -> 0.00014181713 | D65: =CEILING(C65,"00:00:05") -> 0.00017361111 | E65: 1 | F65: 0.00011152778 | G65: 1
A66: 45583.616 | B66: 45583.616 | C66: =(B66-A66) -> 6.5925926e-05 | D66: =CEILING(C66,"00:00:05") -> 0.00011574074 | E66: Einfach machen | F66: 0.00011164352 | G66: 1
A67: 45583.617 | B67: 45583.617 | C67: =(B67-A67) -> 0.00019957176 | D67: =CEILING(C67,"00:00:05") -> 0.00023148148 | E67: Altklausuren Zusammenfassung lernen wiederholen | F67: 0.00011177083 | G67: 1
A68: 45583.617 | B68: 45583.617 | C68: =(B68-A68) -> 0.00012840278 | D68: =CEILING(C68,"00:00:05") -> 0.00017361111 | E68: 1 | F68: 0.0001149537 | G68: 1
A69: 45583.621 | B69: 45583.621 | C69: =(B69-A69) -> 0.00013694446 | D69: =CEILING(C69,"00:00:05") -> 0.00017361111 | E69: Keine speziellen, kommt auf die Aufgabe an | F69: 0.00011515046 | G69: 1
A70: 45583.622 | B70: 45583.622 | C70: =(B70-A70) -> 0.00019509259 | D70: =CEILING(C70,"00:00:05") -> 0.00023148148 | E70: Rechnen bei Kalkulationen | F70: 0.00011611111 | G70: 1
A71: 45583.623 | B71: 45583.623 | C71: =(B71-A71) -> 0.00020421296 | D71: =CEILING(C71,"00:00:05") -> 0.00023148148 | E71: Ich wende die Lösungsansätze an | F71: 0.00011715278 | G71: 1
A72: 45583.624 | B72: 45583.624 | C72: =(B72-A72) -> 0.00022759259 | D72: =CEILING(C72,"00:00:05") -> 0.00023148148 | E72: Ich übe einfach anhand den vorgegeben Lösungswegen | F72: 0.00011825231 | G72: 1
A73: 45583.625 | B73: 45583.626 | C73: =(B73-A73) -> 0.0001956713 | D73: =CEILING(C73,"00:00:05") -> 0.00023148148 | E73: 3 | F73: 0.00011842593 | G73: 1
A74: 45582.789 | B74: 45582.789 | C74: =(B74-A74) -> 9.3518519e-05 | D74: =CEILING(C74,"00:00:05") -> 0.00011574074 | E74: Hi, I’m trying to learn Spanish, I study international economics bachelor degree now | F74: 0.00011894677 | G74: 1
A75: 45582.79 | B75: 45582.79 | C75: =(B75-A75) -> 0.00022334491 | D75: =CEILING(C75,"00:00:05") -> 0.00023148148 | E75: I wrote key words down when in the lecture and look up things I don’t understand | F75: 0.00011939815 | G75: 1
A76: 45582.791 | B76: 45582.791 | C76: =(B76-A76) -> 9.7835648e-05 | D76: =CEILING(C76,"00:00:05") -> 0.00011574074 | E76: 3 | F76: 0.00012017361 | G76: 2
A77: 45582.791 | B77: 45582.791 | C77: =(B77-A77) -> 0.00011152778 | D77: =CEILING(C77,"00:00:05") -> 0.00011574074 | E77: 2 | F77: 0.00012041667 | G77: 1
A78: 45582.791 | B78: 45582.791 | C78: =(B78-A78) -> 0.00015167824 | D78: =CEILING(C78,"00:00:05") -> 0.00017361111 | E78: Read it through later to see how much I understand | F78: 0.00012099537 | G78: 1
A79: 45582.792 | B79: 45582.792 | C79: =(B79-A79) -> 0.00013355324 | D79: =CEILING(C79,"00:00:05") -> 0.00017361111 | E79: I actively try to identify areas I’m not so sure about | F79: 0.00012125 | G79: 1
A80: 45582.792 | B80: 45582.792 | C80: =(B80-A80) -> 0.00014305556 | D80: =CEILING(C80,"00:00:05") -> 0.00017361111 | E80: 2 | F80: 0.00012253472 | G80: 1
A81: 45582.793 | B81: 45582.793 | C81: =(B81-A81) -> 0.0001966088 | D81: =CEILING(C81,"00:00:05") -> 0.00023148148 | E81: Go through my old notes and mark the part I was not sure about, then do mock exams to text my knowledge | F81: 0.00012303241 | G81: 1
A82: 45582.794 | B82: 45582.795 | C82: =(B82-A82) -> 0.00012041667 | D82: =CEILING(C82,"00:00:05") -> 0.00017361111 | E82: 4 | F82: 0.00012450231 | G82: 1
A83: 45582.795 | B83: 45582.796 | C83: =(B83-A83) -> 0.00082141204 | D83: =CEILING(C83,"00:00:05") -> 0.00086805556 | E83: 4 | F83: 0.00012486111 | G83: 1
A84: 45582.797 | B84: 45582.797 | C84: =(B84-A84) -> 0.00011515046 | D84: =CEILING(C84,"00:00:05") -> 0.00011574074 | E84: 4 | F84: 0.00012543981 | G84: 1
A85: 45582.798 | B85: 45582.798 | C85: =(B85-A85) -> 0.00014856481 | D85: =CEILING(C85,"00:00:05") -> 0.00017361111 | E85: Cross checking for each chapter | F85: 0.00012553241 | G85: 1
A86: 45582.8 | B86: 45582.8 | C86: =(B86-A86) -> 0.00010712963 | D86: =CEILING(C86,"00:00:05") -> 0.00011574074 | E86: 4 | F86: 0.00012605324 | G86: 1
A87: 45582.8 | B87: 45582.8 | C87: =(B87-A87) -> 0.00012543981 | D87: =CEILING(C87,"00:00:05") -> 0.00017361111 | E87: Okay | F87: 0.00012728009 | G87: 1
A88: 45582.8 | B88: 45582.8 | C88: =(B88-A88) -> 0.00015111111 | D88: =CEILING(C88,"00:00:05") -> 0.00017361111 | E88: Stand up and do something else | F88: 0.00012770833 | G88: 1
A89: 45582.801 | B89: 45582.802 | C89: =(B89-A89) -> 7.4872685e-05 | D89: =CEILING(C89,"00:00:05") -> 0.00011574074 | E89: 2 | F89: 0.00012789352 | G89: 1
A90: 45582.803 | B90: 45582.803 | C90: =(B90-A90) -> 0.00013603009 | D90: =CEILING(C90,"00:00:05") -> 0.00017361111 | E90: Ok | F90: 0.00012840278 | G90: 1
A91: 45582.804 | B91: 45582.804 | C91: =(B91-A91) -> 0.0001521412 | D91: =CEILING(C91,"00:00:05") -> 0.00017361111 | E91: Build a big frame work first and start doing research and then write | F91: 0.00012849537 | G91: 1
A92: 45582.804 | B92: 45582.805 | C92: =(B92-A92) -> 0.00056627315 | D92: =CEILING(C92,"00:00:05") -> 0.0005787037 | E92: 3 | F92: 0.00012868056 | G92: 1
A93: 45582.813 | B93: 45582.813 | C93: =(B93-A93) -> 3.7974537e-05 | D93: =CEILING(C93,"00:00:05") -> 5.787037e-05 | E93: thank you | F93: 0.00013033565 | G93: 1
A94: 45587.823 | B94: 45587.823 | C94: =(B94-A94) -> 0.00012849537 | D94: =CEILING(C94,"00:00:05") -> 0.00017361111 | E94: Hello my degree is in audiology | F94: 0.0001315625 | G94: 1
A95: 45587.824 | B95: 45587.824 | C95: =(B95-A95) -> 0.00014273148 | D95: =CEILING(C95,"00:00:05") -> 0.00017361111 | E95: Making summaries of the different tests and comparing benefit and limitations of each | F95: 0.00013355324 | G95: 1
A96: 45587.824 | B96: 45587.825 | C96: =(B96-A96) -> 0.00034976852 | D96: =CEILING(C96,"00:00:05") -> 0.00040509259 | E96: 3 | F96: 0.00013357639 | G96: 1
A97: 45587.826 | B97: 45587.826 | C97: =(B97-A97) -> 0.00037061343 | D97: =CEILING(C97,"00:00:05") -> 0.00040509259 | E97: Stop working and start again early in the morning, I don't like working late at night and am more productive in the morning | F97: 0.00013471065 | G97: 1
A98: 45587.826 | B98: 45587.826 | C98: =(B98-A98) -> 0.00012125 | D98: =CEILING(C98,"00:00:05") -> 0.00017361111 | E98: 3 | F98: 0.0001359838 | G98: 1
A99: 45587.827 | B99: 45587.827 | C99: =(B99-A99) -> 0.00011825231 | D99: =CEILING(C99,"00:00:05") -> 0.00017361111 | E99: Practice questions or cases , past papers | F99: 0.00013603009 | G99: 1
A100: 45587.827 | B100: 45587.828 | C100: =(B100-A100) -> 0.00018097222 | D100: =CEILING(C100,"00:00:05") -> 0.00023148148 | E100: 4 | F100: 0.00013657407 | G100: 1
...

Sheet SurveyResults
A1: See below for key to question codes. Incomplete responses have been excluded from analysis. | G1: Cells highlighted in blue contain responses from pilot evaluation survey
A2: id. Response ID | B2: submitdate. Date submitted | C2: lastpage. Last page | D2: startlanguage. Start language | E2: seed. Seed | F2: startdate. Date started | G2: datestamp. Date last action | H2: BUS[SQ001] | I2: BUS[SQ002] | J2: BUS[SQ003] | K2: BUS[SQ004] | L2: BUS[SQ005] | M2: BUS[SQ006] | N2: BUS[SQ007] | O2: BUS[SQ008] | P2: BUS[SQ009] | Q2: BUS[SQ010] | R2: StrategyAccuracy | S2: StrategyReflection | T2: ChatbotFamiliarity | U2: LlmUse | V2: Age | W2: Nationality | X2: Edu | Y2: CurrentEdu | Z2: Grade | AA2: Gender
A3: 2 | B3: 2024-10-17 12:27:23 | C3: 4 | D3: en | E3: 1885224814 | F3: 2024-10-17 12:25:46 | G3: 2024-10-17 12:27:23 | H3: 5 | I3: 5 | J3: 5 | K3: 5 | L3: 5 | M3: 5 | N3: 5 | O3: 5 | P3: 5 | Q3: 5 | R3: 5 | S3: Yes, it highlighted that I only use study techniques by myself and that I could benefit from having group study sessions and online tutorials to supplement my studies. | T3: 5 | U3: 1 | V3: 31 | W3: British | X3: BSc/Undergraduate | Y3: MSc/Masters | Z3: Not known | AA3: Female
A4: 3 | B4: 2024-10-17 14:37:19 | C4: 4 | D4: de | E4: 1992059185 | F4: 2024-10-17 14:33:34 | G4: 2024-10-17 14:37:19 | H4: 5 | I4: 5 | J4: 5 | K4: 4 | L4: 5 | M4: 3 | N4: 4 | O4: 2 | P4: 4 | Q4: 3 | R4: 5 | S4: Der Chatbot hat mir mehrere Strategien aufgelistet, von denen ich bereits alle bis auf einen "Lerngruppen" häufig nutze. Also sehr viel weiter hat mir der Chatbot dann nicht mehr geholfen oder mir neue, kreative Strategien vorgeschlagen. Der Chatbot hätte mir z.B. aufgrund meiner guten Lernstrategien noch "Learning by teaching" empfehlen können, hat er aber nicht getan. Es gibt sicher noch mehr, was der Chatbot wissen könnte, um auch High achiever im Studium besser einzugehen | T4: 5 | U4: 4 | V4: 34 | W4: deutsch | X4: Master | Y4: Bachelor of Science Psychologie | AA4: Male
A5: 4 | B5: 2024-10-17 18:26:44 | C5: 4 | D5: de | E5: 1827158114 | F5: 2024-10-17 18:25:48 | G5: 2024-10-17 18:26:43 | H5: 5 | I5: 5 | J5: 5 | K5: 5 | L5: 5 | M5: 5 | N5: 5 | O5: 5 | P5: 5 | Q5: 5 | R5: 5 | S5: - | T5: 5 | U5: 3 | V5: 24 | W5: deutsch | X5: Master | Y5: - | Z5: 1,4 | AA5: Male
A6: 5 | B6: 2024-10-18 11:48:04 | C6: 4 | D6: de | E6: 1723420554 | F6: 2024-10-18 11:45:49 | G6: 2024-10-18 11:48:04 | H6: 5 | I6: 5 | J6: 4 | K6: 4 | L6: 4 | M6: 5 | N6: 4 | O6: 5 | P6: 5 | Q6: 4 | R6: 4 | S6: Bis auf eine Nachfrage zu einer Strategie, die ignoriert wurde war das Gespräch gut und auch hilfreich nochmal Strategie zu sprechen und ob/wie es ausgereift werden kann | T6: 5 | U6: 3 | V6: 25 | W6: deutsch | X6: Bachelor | Y6: Master (und Bachelor) | Z6: - | AA6: Female
A7: 6 | B7: 2024-10-20 21:47:40 | C7: 4 | D7: en | E7: 1934991090 | F7: 2024-10-20 21:44:41 | G7: 2024-10-20 21:47:40 | H7: 1 | I7: 1 | J7: 1 | K7: 1 | L7: 1 | M7: 2 | N7: 2 | O7: 1 | P7: 1 | Q7: 1 | R7: 2 | S7: I got a summary of what ive written to the chatbot and about two recommendations (finding a tutor or an online class) if i was struggling | T7: 3 | U7: 2 | V7: 20 | W7: czech | X7: high school | Y7: bachelors | AA7: Female
A8: 9 | B8: 2024-10-26 15:15:16 | C8: 4 | D8: en | E8: 945976960 | F8: 2024-10-26 15:01:07 | G8: 2024-10-26 15:15:16 | H8: 4 | I8: 5 | J8: 3 | K8: 4 | L8: 5 | M8: 4 | N8: 3 | O8: 3 | P8: 3 | Q8: 3 | R8: 3 | S8: Actually no, I think the suggestions that chat bot gave in the last message were so general and not really related to my needs. It also would be better to explain suggestions deeper instead of just explaning with one sentence. | T8: 4 | U8: 5 | V8: 19 | W8: Turkey | X8: Highschool | Y8: Bachelor | Z8: 1.8(1 ist best, 6 is worst) | AA8: Male
A9: 10 | B9: 2024-10-27 16:30:10 | C9: 4 | D9: de | E9: 761253156 | F9: 2024-10-27 16:22:18 | G9: 2024-10-27 16:30:10 | H9: 4 | I9: 5 | J9: 4 | K9: 5 | L9: 4 | M9: 4 | N9: 5 | O9: 4 | P9: 4 | Q9: 3 | R9: 4 | S9: Der Chatbot hat mir ein paar neue Strategien zum Ausprobieren vorgeschlagen, z.B. ein Ritual vor dem Lernen, um mich darauf einzustimmen und zu motivieren. Auf Nachfrage kamen noch mehr Vorschläge. | T9: 1 | U9: 1 | V9: 30 | W9: Deutsch | X9: Berufsausbildung | Y9: Fachweiterbildung | Z9: 2 | AA9: Female
A10: 12 | B10: 2024-10-27 19:17:07 | C10: 4 | D10: en | E10: 2035673428 | F10: 2024-10-27 19:10:42 | G10: 2024-10-27 19:17:07 | H10: 4 | I10: 4 | J10: 4 | K10: 4 | L10: 4 | M10: 3 | N10: 3 | O10: 3 | P10: 3 | Q10: 4 | R10: 4 | S10: Yes It made me recognise the strategies I use and benefits of this e.g. organising and transforming It discussed elaboration techniques which was an interesting point that I use less regularly | T10: 2 | U10: 2 | V10: 27 | W10: British | X10: Masters | Y10: Masters | Z10: Distinction | AA10: Female
A11: 15 | B11: 2024-10-28 16:17:19 | C11: 4 | D11: en | E11: 1839618646 | F11: 2024-10-28 16:14:10 | G11: 2024-10-28 16:17:19 | H11: 5 | I11: 5 | J11: 5 | K11: 4 | L11: 4 | M11: 4 | N11: 4 | O11: 4 | P11: 4 | Q11: 5 | R11: 5 | S11: I think the strategies that the bot mentioned in the final message were a summary of what was said before so it did not really make me think any further | T11: 3 | U11: 3 | V11: 23 | W11: Finnish | X11: Bachelor's degree | Y11: Master's degree | Z11: 4 (on a scale of 1-5 where 1 is the first passing grade and 5 is the best) | AA11: Female
A12: 17 | B12: 2024-10-29 12:27:17 | C12: 4 | D12: en | E12: 1098243403 | F12: 2024-10-29 11:53:07 | G12: 2024-10-29 12:27:17 | H12: 5 | I12: 5 | J12: 5 | K12: 4 | L12: 5 | M12: 4 | N12: 4 | O12: 4 | P12: 5 | Q12: 4 | R12: 4 | S12: I feel like my chat with the studybot was very thought provoking as I had to look through the list it compiled about my studying habits. To be honest I usually don’t think about the habits or methods I use, I just do them. So it was nice to “hear” that they are actually working methods. And I also got some pointers and ideas on how to stop or prevent procrastination. | T12: 4 | U12: 3 | V12: 25 | W12: Hungarian | X12: Bachelor’s degree at university | Y12: Master’s degree | AA12: Female
A13: 1 | B13: 2024-09-02 20:25:18 | C13: 4 | D13: en | E13: 1359551649 | F13: 2024-09-02 20:22:33 | G13: 2024-09-02 20:25:18 | H13: 3 | I13: 5 | J13: 3 | K13: 3 | L13: 4 | M13: 4 | N13: 4 | O13: 4 | P13: 3 | Q13: 5 | R13: 4 | S13: It summarizes what I do into “methodology” which is much more accurate than me saying I do this and that | T13: 4 | U13: 3 | V13: 21 | W13: Chinese | X13: High school | Y13: Bachelor last year | Z13: B | AA13: Female
A14: 2 | B14: 2024-09-03 21:12:24 | C14: 4 | D14: de | E14: 1453328173 | F14: 2024-09-03 21:10:25 | G14: 2024-09-03 21:12:24 | H14: 5 | I14: 5 | J14: 5 | K14: 5 | L14: 5 | M14: 5 | N14: 5 | O14: 5 | P14: 5 | Q14: 5 | R14: 5 | S14: Ja, kann mich leider nicht mehr erinnern | T14: 4 | U14: 5 | V14: 23 | W14: Österreich | X14: Matura | Y14: Bachelor | Z14: 3 | AA14: Female
A15: 3 | B15: 2024-09-17 15:08:01 | C15: 4 | D15: de | E15: 1036014866 | F15: 2024-09-17 14:58:28 | G15: 2024-09-17 15:08:01 | H15: 5 | I15: 4 | J15: 4 | K15: 4 | L15: 5 | M15: 5 | N15: 4 | O15: 5 | P15: 5 | Q15: 3 | R15: 5 | S15: Nein, es wurde nur das zusammen gefasst, das ich gesagt habe, aber keine neuen Anregungen gegeben. | T15: 4 | U15: 3 | V15: 43 | W15: Deutsch | X15: Staatlich geprüfter Betriebswirt | Y15: Bachelor Wirtschaftsinformatik | Z15: 2 | AA15: Female
H17: The chatbot function was easily detectable | I17: It was easy to find the chatbot | J17: Communicating with the chatbot was clear | K17: The chatbot was able to keep track of context | L17: The chatbot’s responses were easy to understand | M17: I find that the chatbot understands what I want and helps me achieve my goal | N17: The chatbot gives me the appropriate amount of information | O17: The chatbot only gives me the information I need | P17: I feel like the chatbot’s responses were accurate | Q17: My waiting time for a response from the chatbot was short | R17: Do you think the chatbot accurately recognised and summarised the strategies you mentioned? | T17: How familiar are you with chatbots and/or other conversational interfaces? | U17: How frequently do you use AI/Large Language Models (LLM) for work or education?
G18: Strongly Agree (Daily) | H18: =COUNTIF(H3:H15, 5) -> 8 | I18: =COUNTIF(I3:I15, 5) -> 10 | J18: =COUNTIF(J3:J15, 5) -> 6 | K18: =COUNTIF(K3:K15, 5) -> 4 | L18: =COUNTIF(L3:L15, 5) -> 7 | M18: =COUNTIF(M3:M15, 5) -> 5 | N18: =COUNTIF(N3:N15, 5) -> 4 | O18: =COUNTIF(O3:O15, 5) -> 5 | ... R18: =COUNTIF(R3:R15, 5) -> 6 | T18: =COUNTIF(T3:T15, 5) -> 4 | U18: =COUNTIF(U3:U15, 5) -> 2
G19: Agree (Very Often) | H19: =COUNTIF(H3:H15, 4) -> 3 | I19: =COUNTIF(I3:I15, 4) -> 2 | J19: =COUNTIF(J3:J15, 4) -> 4 | K19: =COUNTIF(K3:K15, 4) -> 7 | L19: =COUNTIF(L3:L15, 4) -> 5 | M19: =COUNTIF(M3:M15, 4) -> 5 | N19: =COUNTIF(N3:N15, 4) -> 6 | O19: =COUNTIF(O3:O15, 4) -> 4 | ... R19: =COUNTIF(R3:R15, 4) -> 5 | T19: =COUNTIF(T3:T15, 4) -> 5 | U19: =COUNTIF(U3:U15, 4) -> 1
G20: No opinion (Sometimes) | H20: =COUNTIF(H3:H15, 3) -> 1 | I20: =COUNTIF(I3:I15, 3) -> 0 | J20: =COUNTIF(J3:J15, 3) -> 2 | K20: =COUNTIF(K3:K15, 3) -> 1 | L20: =COUNTIF(L3:L15, 3) -> 0 | M20: =COUNTIF(M3:M15, 3) -> 2 | N20: =COUNTIF(N3:N15, 3) -> 2 | O20: =COUNTIF(O3:O15, 3) -> 2 | ... R20: =COUNTIF(R3:R15, 3) -> 1 | T20: =COUNTIF(T3:T15, 3) -> 2 | U20: =COUNTIF(U3:U15, 3) -> 6
G21: Disagree (Rarely) | H21: =COUNTIF(H3:H15, 2) -> 0 | I21: =COUNTIF(I3:I15, 2) -> 0 | J21: =COUNTIF(J3:J15, 2) -> 0 | K21: =COUNTIF(K3:K15, 2) -> 0 | L21: =COUNTIF(L3:L15, 2) -> 0 | M21: =COUNTIF(M3:M15, 2) -> 1 | N21: =COUNTIF(N3:N15, 2) -> 1 | O21: =COUNTIF(O3:O15, 2) -> 1 | ... R21: =COUNTIF(R3:R15, 2) -> 1 | T21: =COUNTIF(T3:T15, 2) -> 1 | U21: =COUNTIF(U3:U15, 2) -> 2
G22: Strongly Disagree (Never) | H22: =COUNTIF(H3:H15, 1) -> 1 | I22: =COUNTIF(I3:I15, 1) -> 1 | J22: =COUNTIF(J3:J15, 1) -> 1 | K22: =COUNTIF(K3:K15, 1) -> 1 | L22: =COUNTIF(L3:L15, 1) -> 1 | M22: =COUNTIF(M3:M15, 1) -> 0 | N22: =COUNTIF(N3:N15, 1) -> 0 | O22: =COUNTIF(O3:O15, 1) -> 1 | ... R22: =COUNTIF(R3:R15, 1) -> 0 | T22: =COUNTIF(T3:T15, 1) -> 1 | U22: =COUNTIF(U3:U15, 1) -> 2
G23: Total | H23: =SUM(H18:H22) -> 13 | I23: =SUM(I18:I22) -> 13 | J23: =SUM(J18:J22) -> 13 | K23: =SUM(K18:K22) -> 13 | L23: =SUM(L18:L22) -> 13 | M23: =SUM(M18:M22) -> 13 | N23: =SUM(N18:N22) -> 13 | O23: =SUM(O18:O22) -> 13 | ... R23: =SUM(R18:R22) -> 13
G24: Min | H24: 5 | I24: 5 | J24: 5 | K24: 5 | L24: 5 | M24: 5 | N24: 5 | O24: 5 | P24: 5 | Q24: 5 | R24: 5
G25: Max | H25: 1 | I25: 1 | J25: 1 | K25: 1 | L25: 1 | M25: 2 | N25: 2 | O25: 1 | P25: 1 | Q25: 1 | R25: 2
G26: Mean | H26: =(SUM(H18*5,H19*4,H20*3,H21*2,H22*1)/H23) -> 4.3076923 | I26: =(SUM(I18*5,I19*4,I20*3,I21*2,I22*1)/I23) -> 4.5384615 | J26: =(SUM(J18*5,J19*4,J20*3,J21*2,J22*1)/J23) -> 4.0769231 | K26: =(SUM(K18*5,K19*4,K20*3,K21*2,K22*1)/K23) -> 4 | L26: =(SUM(L18*5,L19*4,L20*3,L21*2,L22*1)/L23) -> 4.3076923 | M26: =(SUM(M18*5,M19*4,M20*3,M21*2,M22*1)/M23) -> 4.0769231 | N26: =(SUM(N18*5,N19*4,N20*3,N21*2,N22*1)/N23) -> 4 | O26: =(SUM(O18*5,O19*4,O20*3,O21*2,O22*1)/O23) -> 3.8461538 | ... R26: =(SUM(R18*5,R19*4,R20*3,R21*2,R22*1)/R23) -> 4.2307692
G27: Mean2 | H27: =(SUM(H18*25,H19*16,H20*9,H21*4,H22*1)/H23) -> 19.846154 | I27: =(SUM(I18*25,I19*16,I20*9,I21*4,I22*1)/I23) -> 21.769231 | J27: =(SUM(J18*25,J19*16,J20*9,J21*4,J22*1)/J23) -> 17.923077 | K27: =(SUM(K18*25,K19*16,K20*9,K21*4,K22*1)/K23) -> 17.076923 | L27: =(SUM(L18*25,L19*16,L20*9,L21*4,L22*1)/L23) -> 19.692308 | M27: =(SUM(M18*25,M19*16,M20*9,M21*4,M22*1)/M23) -> 17.461538 | N27: =(SUM(N18*25,N19*16,N20*9,N21*4,N22*1)/N23) -> 16.769231 | O27: =(SUM(O18*25,O19*16,O20*9,O21*4,O22*1)/O23) -> 16.307692 | ... R27: =(SUM(R18*25,R19*16,R20*9,R21*4,R22*1)/R23) -> 18.692308
G28: Standard Deviation | H28: =SQRT(H27-H26) -> 3.9418855 | I28: =SQRT(I27-I26) -> 4.1509962 | J28: =SQRT(J27-J26) -> 3.721042 | K28: =SQRT(K27-K26) -> 3.6162029 | L28: =SQRT(L27-L26) -> 3.9223227 | M28: =SQRT(M27-M26) -> 3.6584991 | N28: =SQRT(N27-N26) -> 3.573406 | O28: =SQRT(O27-O26) -> 3.5300904 | ... R28: =SQRT(R27-R26) -> 3.802833
A30: Question codes:
A31: BUS[SQ001]. Please indicate your level of agreement with the following statements. (1) Strongly disagree - (5) Strongly agree [The chatbot function was easily detectable]
A32: BUS[SQ002]. Please indicate your level of agreement with the following statements. (1) Strongly disagree - (5) Strongly agree [It was easy to find the chatbot]
A33: BUS[SQ003]. Please indicate your level of agreement with the following statements. (1) Strongly disagree - (5) Strongly agree [Communicating with the chatbot was clear]
A34: BUS[SQ004]. Please indicate your level of agreement with the following statements. (1) Strongly disagree - (5) Strongly agree [The chatbot was able to keep track of context]
A35: BUS[SQ005]. Please indicate your level of agreement with the following statements. (1) Strongly disagree - (5) Strongly agree [The chatbot’s responses were easy to understand]
A36: BUS[SQ006]. Please indicate your level of agreement with the following statements. (1) Strongly disagree - (5) Strongly agree [I find that the chatbot understands what I want and helps me achieve my goal]
A37: BUS[SQ007]. Please indicate your level of agreement with the following statements. (1) Strongly disagree - (5) Strongly agree [The chatbot gives me the appropriate amount of information]
A38: BUS[SQ008]. Please indicate your level of agreement with the following statements. (1) Strongly disagree - (5) Strongly agree [The chatbot only gives me the information I need]
A39: BUS[SQ009]. Please indicate your level of agreement with the following statements. (1) Strongly disagree - (5) Strongly agree [I feel like the chatbot’s responses were accurate]
A40: BUS[SQ010]. Please indicate your level of agreement with the following statements. (1) Strongly disagree - (5) Strongly agree [My waiting time for a response from the chatbot was short]
A42: StrategyAccuracy. In the last message, you received feedback about your learning strategies. Do you think the chatbot accurately recognised and summarised the strategies you mentioned? (1) Strongly disagree - (5) Strongly agree
... A51: Gender. What gender do you identify as?

Sheet StrategyEvaluations
A1: strategy | B1: SU | C1: SF | D1: SC | E1: SU | F1: SF | G1: SC | H1: SU | I1: SF | J1: SC | K1: SU | L1: SF | M1: SC | N1: SU | O1: SF | P1: SC | Q1: SU | R1: SF | S1: SC | T1: SU | U1: SF | V1: SC | W1: SU | X1: SF | Y1: SC | Z1: SU | AA1: SF | AB1: SC | AC1: SU | AD1: SF | AE1: SC | AF1: SU | AG1: SF | AH1: SC | AI1: SU | AJ1: SF | AK1: SC | AL1: SU | AM1: SF | AN1: SC
B2: P1 | E2: P2 | H2: P3 | K2: P4 | N2: P5 | Q2: P6 | T2: P7 | W2: P8 | Z2: P9 | AC2: P10 | AF2: P11 | AI2: P12 | AL2: P13
A3: 001-001 | B3: =FALSE() -> FALSE | C3: 0 | D3: 0 | E3: =TRUE() -> TRUE | F3: 1 | G3: 3 | H3: =FALSE() -> FALSE | I3: 0 | J3: 0 | K3: =FALSE() -> FALSE | L3: 0 | M3: 0 | N3: =FALSE() -> FALSE | O3: 0 | P3: 0 | Q3: =TRUE() -> TRUE | R3: 1 | S3: 3 | T3: =TRUE() -> TRUE | U3: 1 | V3: 3 | W3: =FALSE() -> FALSE | X3: 0 | Y3: 0 | Z3: =TRUE() -> TRUE | AA3: 1 | AB3: 2 | AC3: =TRUE() -> TRUE | AD3: 1 | AE3: 2 | AF3: =FALSE() -> FALSE | AG3: 0 | AH3: 0 | AI3: =TRUE() -> TRUE | AJ3: 1 | AK3: 4 | AL3: =TRUE() -> TRUE | AM3: 1 | AN3: 4
A4: 001-002 | B4: =FALSE() -> FALSE | C4: 0 | D4: 0 | E4: =FALSE() -> FALSE | F4: 0 | G4: 0 | H4: =TRUE() -> TRUE | I4: 1 | J4: 4 | K4: =TRUE() -> TRUE | L4: 2 | M4: 7 | N4: =FALSE() -> FALSE | O4: 0 | P4: 0 | Q4: =TRUE() -> TRUE | R4: 1 | S4: 2 | T4: =TRUE() -> TRUE | U4: 2 | V4: 5 | W4: =FALSE() -> FALSE | X4: 0 | Y4: 0 | Z4: =FALSE() -> FALSE | AA4: 0 | AB4: 0 | AC4: =TRUE() -> TRUE | AD4: 2 | AE4: 3 | AF4: =TRUE() -> TRUE | AG4: 1 | AH4: 4 | AI4: =FALSE() -> FALSE | AJ4: 0 | AK4: 0 | AL4: =TRUE() -> TRUE | AM4: 1 | AN4: 2
A5: 002-001 | B5: =FALSE() -> FALSE | C5: 0 | D5: 0 | E5: =TRUE() -> TRUE | F5: 1 | G5: 1 | H5: =FALSE() -> FALSE | I5: 0 | J5: 0 | K5: =FALSE() -> FALSE | L5: 0 | M5: 0 | N5: =FALSE() -> FALSE | O5: 0 | P5: 0 | Q5: =FALSE() -> FALSE | R5: 0 | S5: 0 | T5: =FALSE() -> FALSE | U5: 0 | V5: 0 | W5: =TRUE() -> TRUE | X5: 1 | Y5: 2 | Z5: =FALSE() -> FALSE | AA5: 0 | AB5: 0 | AC5: =FALSE() -> FALSE | AD5: 0 | AE5: 0 | AF5: =FALSE() -> FALSE | AG5: 0 | AH5: 0 | AI5: =FALSE() -> FALSE | AJ5: 0 | AK5: 0 | AL5: =FALSE() -> FALSE | AM5: 0 | AN5: 0
A6: 003-001 | B6: =FALSE() -> FALSE | C6: 0 | D6: 0 | E6: =FALSE() -> FALSE | F6: 0 | G6: 0 | H6: =TRUE() -> TRUE | I6: 2 | J6: 8 | K6: =FALSE() -> FALSE | L6: 0 | M6: 0 | N6: =FALSE() -> FALSE | O6: 0 | P6: 0 | Q6: =FALSE() -> FALSE | R6: 0 | S6: 0 | T6: =TRUE() -> TRUE | U6: 1 | V6: 4 | W6: =FALSE() -> FALSE | X6: 0 | Y6: 0 | Z6: =FALSE() -> FALSE | AA6: 0 | AB6: 0 | AC6: =FALSE() -> FALSE | AD6: 0 | AE6: 0 | AF6: =TRUE() -> TRUE | AG6: 1 | AH6: 3 | AI6: =TRUE() -> TRUE | AJ6: 1 | AK6: 4 | AL6: =TRUE() -> TRUE | AM6: 3 | AN6: 10
A7: 004-001 | B7: =TRUE() -> TRUE | C7: 1 | D7: 4 | E7: =TRUE() -> TRUE | F7: 1 | G7: 3 | H7: =FALSE() -> FALSE | I7: 0 | J7: 0 | K7: =FALSE() -> FALSE | L7: 0 | M7: 0 | N7: =FALSE() -> FALSE | O7: 0 | P7: 0 | Q7: =TRUE() -> TRUE | R7: 1 | S7: 2 | T7: =FALSE() -> FALSE | U7: 0 | V7: 0 | W7: =FALSE() -> FALSE | X7: 0 | Y7: 0 | Z7: =FALSE() -> FALSE | AA7: 0 | AB7: 0 | AC7: =FALSE() -> FALSE | AD7: 0 | AE7: 0 | AF7: =FALSE() -> FALSE | AG7: 0 | AH7: 0 | AI7: =FALSE() -> FALSE | AJ7: 0 | AK7: 0 | AL7: =TRUE() -> TRUE | AM7: 1 | AN7: 3
A8: 004-002 | B8: =TRUE() -> TRUE | C8: 2 | D8: 5 | E8: =TRUE() -> TRUE | F8: 2 | G8: 2 | H8: =TRUE() -> TRUE | I8: 1 | J8: 3 | K8: =TRUE() -> TRUE | L8: 3 | M8: 11 | N8: =FALSE() -> FALSE | O8: 0 | P8: 0 | Q8: =TRUE() -> TRUE | R8: 2 | S8: 7 | T8: =TRUE() -> TRUE | U8: 2 | V8: 7 | W8: =TRUE() -> TRUE | X8: 4 | Y8: 15 | Z8: =TRUE() -> TRUE | AA8: 1 | AB8: 2 | AC8: =TRUE() -> TRUE | AD8: 1 | AE8: 1 | AF8: =FALSE() -> FALSE | AG8: 0 | AH8: 0 | AI8: =TRUE() -> TRUE | AJ8: 2 | AK8: 7 | AL8: =TRUE() -> TRUE | AM8: 1 | AN8: 3
A9: 004-003 | B9: =TRUE() -> TRUE | C9: 1 | D9: 1 | E9: =TRUE() -> TRUE | F9: 1 | G9: 3 | H9: =TRUE() -> TRUE | I9: 1 | J9: 3 | K9: =TRUE() -> TRUE | L9: 1 | M9: 4 | N9: =FALSE() -> FALSE | O9: 0 | P9: 0 | Q9: =FALSE() -> FALSE | R9: 0 | S9: 0 | T9: =TRUE() -> TRUE | U9: 1 | V9: 3 | W9: =TRUE() -> TRUE | X9: 1 | Y9: 4 | Z9: =FALSE() -> FALSE | AA9: 0 | AB9: 0 | AC9: =TRUE() -> TRUE | AD9: 1 | AE9: 2 | AF9: =TRUE() -> TRUE | AG9: 1 | AH9: 1 | AI9: =TRUE() -> TRUE | AJ9: 2 | AK9: 7 | AL9: =TRUE() -> TRUE | AM9: 1 | AN9: 4
A10: 004-004 | B10: =FALSE() -> FALSE | C10: 0 | D10: 0 | E10: =FALSE() -> FALSE | F10: 0 | G10: 0 | H10: =FALSE() -> FALSE | I10: 0 | J10: 0 | K10: =FALSE() -> FALSE | L10: 0 | M10: 0 | N10: =FALSE() -> FALSE | O10: 0 | P10: 0 | Q10: =FALSE() -> FALSE | R10: 0 | S10: 0 | T10: =FALSE() -> FALSE | U10: 0 | V10: 0 | W10: =FALSE() -> FALSE | X10: 0 | Y10: 0 | Z10: =TRUE() -> TRUE | AA10: 1 | AB10: 2 | AC10: =FALSE() -> FALSE | AD10: 0 | AE10: 0 | AF10: =FALSE() -> FALSE | AG10: 0 | AH10: 0 | AI10: =FALSE() -> FALSE | AJ10: 0 | AK10: 0 | AL10: =FALSE() -> FALSE | AM10: 0 | AN10: 0
A11: 005-001 | B11: =FALSE() -> FALSE | C11: 0 | D11: 0 | E11: =FALSE() -> FALSE | F11: 0 | G11: 0 | H11: =FALSE() -> FALSE | I11: 0 | J11: 0 | K11: =FALSE() -> FALSE | L11: 0 | M11: 0 | N11: =FALSE() -> FALSE | O11: 0 | P11: 0 | Q11: =FALSE() -> FALSE | R11: 0 | S11: 0 | T11: =FALSE() -> FALSE | U11: 0 | V11: 0 | W11: =FALSE() -> FALSE | X11: 0 | Y11: 0 | Z11: =FALSE() -> FALSE | AA11: 0 | AB11: 0 | AC11: =FALSE() -> FALSE | AD11: 0 | AE11: 0 | AF11: =FALSE() -> FALSE | AG11: 0 | AH11: 0 | AI11: =TRUE() -> TRUE | AJ11: 1 | AK11: 2 | AL11: =FALSE() -> FALSE | AM11: 0 | AN11: 0
A12: 005-002 | B12: =TRUE() -> TRUE | C12: 5 | D12: 19 | E12: =FALSE() -> FALSE | F12: 0 | G12: 0 | H12: =FALSE() -> FALSE | I12: 0 | J12: 0 | K12: =FALSE() -> FALSE | L12: 0 | M12: 0 | N12: =FALSE() -> FALSE | O12: 0 | P12: 0 | Q12: =TRUE() -> TRUE | R12: 1 | S12: 2 | T12: =FALSE() -> FALSE | U12: 0 | V12: 0 | W12: =FALSE() -> FALSE | X12: 0 | Y12: 0 | Z12: =FALSE() -> FALSE | AA12: 0 | AB12: 0 | AC12: =TRUE() -> TRUE | AD12: 1 | AE12: 3 | AF12: =FALSE() -> FALSE | AG12: 0 | AH12: 0 | AI12: =TRUE() -> TRUE | AJ12: 1 | AK12: 2 | AL12: =FALSE() -> FALSE | AM12: 0 | AN12: 0
A13: 006-001 | B13: =TRUE() -> TRUE | C13: 1 | D13: 4 | E13: =FALSE() -> FALSE | F13: 0 | G13: 0 | H13: =FALSE() -> FALSE | I13: 0 | J13: 0 | K13: =FALSE() -> FALSE | L13: 0 | M13: 0 | N13: =TRUE() -> TRUE | O13: 1 | P13: 4 | Q13: =TRUE() -> TRUE | R13: 1 | S13: 1 | T13: =TRUE() -> TRUE | U13: 1 | V13: 4 | W13: =FALSE() -> FALSE | X13: 0 | Y13: 0 | Z13: =FALSE() -> FALSE | AA13: 0 | AB13: 0 | AC13: =FALSE() -> FALSE | AD13: 0 | AE13: 0 | AF13: =TRUE() -> TRUE | AG13: 3 | AH13: 10 | AI13: =FALSE() -> FALSE | AJ13: 0 | AK13: 0 | AL13: =FALSE() -> FALSE | AM13: 0 | AN13: 0
A14: 006-002 | B14: =TRUE() -> TRUE | C14: 1 | D14: 4 | E14: =FALSE() -> FALSE | F14: 0 | G14: 0 | H14: =TRUE() -> TRUE | I14: 2 | J14: 6 | K14: =FALSE() -> FALSE | L14: 0 | M14: 0 | N14: =TRUE() -> TRUE | O14: 1 | P14: 4 | Q14: =FALSE() -> FALSE | R14: 0 | S14: 0 | T14: =FALSE() -> FALSE | U14: 0 | V14: 0 | W14: =TRUE() -> TRUE | X14: 1 | Y14: 4 | Z14: =TRUE() -> TRUE | AA14: 2 | AB14: 5 | AC14: =TRUE() -> TRUE | AD14: 2 | AE14: 8 | AF14: =FALSE() -> FALSE | AG14: 0 | AH14: 0 | AI14: =FALSE() -> FALSE | AJ14: 0 | AK14: 0 | AL14: =FALSE() -> FALSE | AM14: 0 | AN14: 0
A15: 007-001 | B15: =FALSE() -> FALSE | C15: 0 | D15: 0 | E15: =FALSE() -> FALSE | F15: 0 | G15: 0 | H15: =FALSE() -> FALSE | I15: 0 | J15: 0 | K15: =FALSE() -> FALSE | L15: 0 | M15: 0 | N15: =TRUE() -> TRUE | O15: 1 | P15: 3 | Q15: =TRUE() -> TRUE | R15: 1 | S15: 4 | T15: =TRUE() -> TRUE | U15: 1 | V15: 3 | W15: =FALSE() -> FALSE | X15: 0 | Y15: 0 | Z15: =TRUE() -> TRUE | AA15: 1 | AB15: 1 | AC15: =FALSE() -> FALSE | AD15: 0 | AE15: 0 | AF15: =FALSE() -> FALSE | AG15: 0 | AH15: 0 | AI15: =FALSE() -> FALSE | AJ15: 0 | AK15: 0 | AL15: =FALSE() -> FALSE | AM15: 0 | AN15: 0
A16: 007-002 | B16: =FALSE() -> FALSE | C16: 0 | D16: 0 | E16: =FALSE() -> FALSE | F16: 0 | G16: 0 | H16: =FALSE() -> FALSE | I16: 0 | J16: 0 | K16: =FALSE() -> FALSE | L16: 0 | M16: 0 | N16: =FALSE() -> FALSE | O16: 0 | P16: 0 | Q16: =FALSE() -> FALSE | R16: 0 | S16: 0 | T16: =TRUE() -> TRUE | U16: 1 | V16: 2 | W16: =FALSE() -> FALSE | X16: 0 | Y16: 0 | Z16: =FALSE() -> FALSE | AA16: 0 | AB16: 0 | AC16: =FALSE() -> FALSE | AD16: 0 | AE16: 0 | AF16: =FALSE() -> FALSE | AG16: 0 | AH16: 0 | AI16: =FALSE() -> FALSE | AJ16: 0 | AK16: 0 | AL16: =TRUE() -> TRUE | AM16: 1 | AN16: 4
A17: 007-003 | B17: =FALSE() -> FALSE | C17: 0 | D17: 0 | E17: =TRUE() -> TRUE | F17: 1 | G17: 4 | H17: =FALSE() -> FALSE | I17: 0 | J17: 0 | K17: =FALSE() -> FALSE | L17: 0 | M17: 0 | N17: =FALSE() -> FALSE | O17: 0 | P17: 0 | Q17: =FALSE() -> FALSE | R17: 0 | S17: 0 | T17: =FALSE() -> FALSE | U17: 0 | V17: 0 | W17: =FALSE() -> FALSE | X17: 0 | Y17: 0 | Z17: =TRUE() -> TRUE | AA17: 1 | AB17: 4 | AC17: =TRUE() -> TRUE | AD17: 2 | AE17: 5 | AF17: =TRUE() -> TRUE | AG17: 1 | AH17: 4 | AI17: =TRUE() -> TRUE | AJ17: 1 | AK17: 3 | AL17: =TRUE() -> TRUE | AM17: 1 | AN17: 4
A18: 007-004 | B18: =TRUE() -> TRUE | C18: 1 | D18: 4 | E18: =FALSE() -> FALSE | F18: 0 | G18: 0 | H18: =TRUE() -> TRUE | I18: 1 | J18: 2 | K18: =FALSE() -> FALSE | L18: 0 | M18: 0 | N18: =FALSE() -> FALSE | O18: 0 | P18: 0 | Q18: =FALSE() -> FALSE | R18: 0 | S18: 0 | T18: =TRUE() -> TRUE | U18: 1 | V18: 4 | W18: =FALSE() -> FALSE | X18: 0 | Y18: 0 | Z18: =FALSE() -> FALSE | AA18: 0 | AB18: 0 | AC18: =TRUE() -> TRUE | AD18: 2 | AE18: 5 | AF18: =FALSE() -> FALSE | AG18: 0 | AH18: 0 | AI18: =TRUE() -> TRUE | AJ18: 2 | AK18: 8 | AL18: =TRUE() -> TRUE | AM18: 1 | AN18: 3
A19: 007-005 | B19: =TRUE() -> TRUE | C19: 1 | D19: 4 | E19: =FALSE() -> FALSE | F19: 0 | G19: 0 | H19: =TRUE() -> TRUE | I19: 1 | J19: 2 | K19: =TRUE() -> TRUE | L19: 1 | M19: 3 | N19: =TRUE() -> TRUE | O19: 5 | P19: 13 | Q19: =FALSE() -> FALSE | R19: 0 | S19: 0 | T19: =FALSE() -> FALSE | U19: 0 | V19: 0 | W19: =FALSE() -> FALSE | X19: 0 | Y19: 0 | Z19: =TRUE() -> TRUE | AA19: 1 | AB19: 3 | AC19: =FALSE() -> FALSE | AD19: 0 | AE19: 0 | AF19: =FALSE() -> FALSE | AG19: 0 | AH19: 0 | AI19: =TRUE() -> TRUE | AJ19: 1 | AK19: 3 | AL19: =FALSE() -> FALSE | AM19: 0 | AN19: 0
A20: 008-001 | B20: =FALSE() -> FALSE | C20: 0 | D20: 0 | E20: =FALSE() -> FALSE | F20: 0 | G20: 0 | H20: =FALSE() -> FALSE | I20: 0 | J20: 0 | K20: =FALSE() -> FALSE | L20: 0 | M20: 0 | N20: =FALSE() -> FALSE | O20: 0 | P20: 0 | Q20: =FALSE() -> FALSE | R20: 0 | S20: 0 | T20: =FALSE() -> FALSE | U20: 0 | V20: 0 | W20: =FALSE() -> FALSE | X20: 0 | Y20: 0 | Z20: =FALSE() -> FALSE | AA20: 0 | AB20: 0 | AC20: =FALSE() -> FALSE | AD20: 0 | AE20: 0 | AF20: =FALSE() -> FALSE | AG20: 0 | AH20: 0 | AI20: =FALSE() -> FALSE | AJ20: 0 | AK20: 0 | AL20: =FALSE() -> FALSE | AM20: 0 | AN20: 0

Sheet Strategies
A1: ID | B1: Name | C1: Name - German | D1: Description | E1: Description - German
A2: 001-001 | B2: Rehearsal and mnemonic strategies (memorising) | C2: Übungs- und Gedächtnisstrategien (Auswendiglernen) | D2: Statements indicating student-initiated efforts to memorize material by overt or covert practice, e.g., "In preparing for a math test, I keep writing the formula down until I remember it." | E2: Aussagen, die auf von Schülern initiierte Bemühungen hinweisen, sich den Lernstoff durch offenes oder verdecktes Üben einzuprägen, z.B.: 'Wenn ich mich auf eine Matheprüfung vorbereite, schreibe ich die Formel so lange auf, bis ich sie mir einpräge.'
A3: 001-002 | B3: Practice testing | C3: Wissenstest | D3: Statements indicating student-initiated efforts to practice recalling the material by working through questions, e.g. "I use exams from previous years to practice." "I quiz myself using flashcards." | E3: Aussagen, die auf von Schülern initiierte Bemühungen hinweisen, sich den Stoff durch das Durcharbeiten von Fragen einzuprägen, z. B. "Ich verwende Prüfungen aus früheren Jahren zum Üben." "Ich teste mich selbst mithilfe von Karteikarten."
A4: 002-001 | B4: Repetition over time | C4: Wiederholung | D4: Statements indicating student-initiated efforts to review material studied in earlier sessions at later times, e.g., "I review flashcards at regular intervals." | E4: Aussagen, die auf von Schülern initiierte Bemühungen hinweisen, in früheren Sitzungen erlerntes Material zu einem späteren Zeitpunkt zu wiederholen, z. B. "Ich gehe Karteikarten in regelmäßigen Abständen durch."
A5: 003-001 | B5: reviewing previously compiled records, e.g. tests, notes or course material/textbooks | C5: Lesen von bereits erstellten Aufzeichnungen, z. B. Tests, Notizen oder Kursmaterial/Lehrbücher | D5: Statements indicating student-initiated efforts to reread tests, notes, or textbooks to prepare for class or further testing, e.g., "When preparing for a test, I review my notes." | E5: Aussagen, die auf von Studenten initiierte Bemühungen hinweisen, Tests, Notizen oder Lehrbücher zur Vorbereitung auf den Unterricht oder weitere Tests erneut zu lesen, z. B. "Wenn ich mich auf einen Test vorbereite, gehe ich meine Notizen noch einmal durch."
A6: 004-001 | B6: Highlighting and underlining | C6: Hervorheben und Unterstreichen | D6: Statements indicating student-initiated efforts to mark the central points of material to be learned, e.g., "When I read the course text I highlight important parts." | E6: Aussagen, die auf von Studenten initiierte Bemühungen hinweisen, die zentralen Punkte des zu lernenden Materials visuell hervorzuheben, z. B. "Wenn ich den Kurstext lese, markiere ich wichtige Teile."
A7: 004-002 | B7: Organising and transforming | C7: Organisieren und Umstrukturieren | D7: Statements indicating student-initiated overt or covert rearrangement of instructional materials to improve learning, e.g., "I make an outline before I write my paper." "I write a summary in my own words." "I create a mind map, knowledge graph or diagram of the material." | E7: Aussagen, die auf von Studenten initiierte offene oder verdeckte Umgestaltung von Unterrichtsmaterialien hinweisen, um das Lernen zu verbessern, z. B. "Ich erstelle eine Gliederung, bevor ich meine Arbeit schreibe." "Ich schreibe eine Zusammenfassung in meinen eigenen Worten." "Ich erstelle eine Mindmap, ein Wissensdiagramm oder ein Diagramm des Materials."
A8: 004-003 | B8: Keeping records and monitoring | C8: Aufzeichnungen führen | D8: Statements indicating student-initiated efforts to record events or results, e.g., "I took notes of the class discussion." "I kept a list of the words I got wrong." | E8: Aussagen, die auf von Studenten initiierte Bemühungen hinweisen, Ereignisse oder Ergebnisse aufzuzeichnen, z. B. "Ich habe mir Notizen zur Unterrichtsdiskussion gemacht." "Ich habe eine Liste der Wörter geführt, die ich falsch hatte."
A9: 004-004 | B9: Visualisation | C9: Visualisierung | D9: Statements indicating student-initiated efforts to create explanative or organizational drawings to illustrate lesson contents or forming mental images of the material, e.g., "I try to imagine what this would look like." | E9: Aussagen, die auf von Schülern initiierte Bemühungen hinweisen, erklärende oder strukturierende Zeichnungen zu erstellen, um Unterrichtsinhalte zu veranschaulichen oder sich ein Bild vom Material zu machen, z. B. "Ich versuche mir vorzustellen, wie das aussehen würde."
A10: 005-001 | B10: Teaching and preparing to teach | C10: Unterrichten und Unterrichtsvorbereitung | D10: Statements indicating student-initiated efforts to understand material by explaining it to someone else or preparing to do so, e.g., "I try to explain the material to a friend." "I prepare a presentation for my study group." | E10: Aussagen, die auf von Schülern initiierte Bemühungen hinweisen, den Stoff zu verstehen, indem sie ihn jemand anderem erklären oder sich darauf vorbereiten, z. B. "Ich versuche, den Stoff einem Freund zu erklären." "Ich bereite eine Präsentation für meine Lerngruppe vor."
A11: 005-002 | B11: Self Explanation | C11: Selbsterklärung | D11: Statements indicating student-initiated efforts to understand material by verbally or mentally explaining how new information is related to previously learned material, e.g., "I think out loud when I work through a task." | E11: Aussagen, die auf von Schülern initiierte Bemühungen hinweisen, den Stoff zu verstehen, indem sie verbal oder gedanklich erklären, wie neue Informationen mit zuvor gelerntem Stoff zusammenhängen, z. B. "Ich denke laut, wenn ich eine Aufgabe durcharbeite."
A12: 006-001 | B12: goal setting and planning | C12: Lernziele setzen und planen | D12: Statements indicating student setting of educational goals or subgoals and planning for prioritising, sequencing, timing, and completing activities related to those goals, e.g., "First, I start studying two weeks before exams, and I pace myself." "I review the materials and decide what to focus on first." | E12: Aussagen, die darauf hinweisen, dass sich Studierende Lernziele oder Teilziele setzen und die Priorisierung, Reihenfolge, Zeiteinteilung und Erledigung von Aktivitäten planen, die mit diesen Zielen in Zusammenhang stehen, z. B. "Zunächst beginne ich zwei Wochen vor den Prüfungen mit dem Lernen und teile mir mein Tempo ein." "Ich schaue mir die Materialien an und entscheide, worauf ich mich zuerst konzentriere."
... A19: 008-001 | B19: other | C19: Andere | D19: Statements indicating learning behaviour that is initiated by other persons such as teachers or parents, and all unclear verbal responses, e.g., "I just do what the teacher says." | E19: Aussagen über Lernverhalten, das von anderen Personen wie Lehrern oder Eltern initiiert wird, und alle unklaren verbalen Reaktionen, z. B.: 'Ich mache nur, was der Lehrer sagt.'

Sheet Contexts
A1: ID | B1: ID-German | C1: Description | D1: Description - German
A2: 1 | B2: 7 | C2: learning and remembering what was said during in-person or online events | D2: Aufnehmen und Erinnern von Inhalten von Live-Veranstaltungen in Präsenz oder Online
A3: 2 | B3: 8 | C3: reviewing course material at home | D3: Durcharbeiten von Kurstexten
A4: 3 | B4: 9 | C4: writing a scientific paper, such as a term paper/seminar paper, an internship report or a laboratory report | D4: Verfassen einer wissenschaftlichen Arbeit, wie z.B. einer Hausarbeit/Seminararbeit, eines Praktikumsberichts oder Laborberichts
A5: 4 | B5: 10 | C5: completing practice tasks to test understanding of the course material | D5: Bearbeiten von Übungsaufgaben zum Kursmaterial
A6: 5 | B6: 11 | C6: preparing for and taking oral or written exams | D6: Vorbereitung und Ablegen mündlicher oder schriftlicher Prüfungen
A7: 6 | B7: 12 | C7: when poorly motivated to study | D7: Bei geringer Motivation zum Lernen

Sheet P1
B1: Strategies manual coding | C1: Strategies match agent recognised ones | D1: Step executed correctly | E1: Step execution comment | F1: Expected input received | G1: Unexpected input handled successfully | H1: Unexpected input comment | I1: Agent uses appropriate degrees of formality, linguistic register | J1: Agent formality/register comment | K1: Tone of user response from 1 (very negative) - 5 (very positive) | L1: Agent responds to user mood / sentiment | M1: Positive/negative sentiment keywords | N1: speaker | O1: turn | P1: context | Q1: strategy | R1: conversation_step | S1: message_time | T1: message
A2: Totals | C2: =COUNTIF(C7:C100,"y")/(COUNTIF(C7:C100,"y")+COUNTIF(C7:C100,"n")) -> 0.33333333 | D2: =COUNTIF(D7:D100,"y")/(COUNTIF(D7:D100,"y")+COUNTIF(D7:D100,"n")) -> 0.64285714 | F2: =COUNTIF(F7:F100,"y")/(COUNTIF(F7:F100,"y")+COUNTIF(F7:F100,"n")) -> 0.80769231 | G2: =COUNTIF(G7:G100,"y")/(COUNTIF(G7:G100,"y")+COUNTIF(G7:G100,"n")) -> 0.28571429 | I2: =COUNTIF(I7:I100,"y")/(COUNTIF(I7:I100,"y")+COUNTIF(I7:I100,"n")) -> 0.64285714 | K2: =COUNTIF(K7:K100,"1") -> 0 | L2: =COUNTIF(L7:L100,"y")/(COUNTIF(L7:L100,"y")+COUNTIF(L7:L100,"n")) -> 0.53846154 | O2: {=LOOKUP(2,1/(O:O<>""),O:O)} -> 55 | R2: =COUNTIF(R7:R100,"strategy")/2 -> 9 | S2: {=LOOKUP(2,1/(S:S<>""),S:S)-S7} -> 0.028805451
K3: =COUNTIF(K7:K100,"2") -> 3 | R3: =COUNTIF(R7:R100,"frequency")/2 -> 16
K4: =COUNTIF(K7:K100,"3") -> 23 | R4: =CEILING(COUNTIF(R7:R100,"complete")/2,1) -> 2
K5: =COUNTIF(K7:K100,"4") -> 1
K6: =COUNTIF(K7:K100,"5") -> 0
D7: y | I7: y | M7: freue | N7: agent | O7: 1 | R7: intro | S7: 45582.483 | T7: Hallo, vielen Dank, dass du dir Zeit für dieses Gespräch nimmst! Ich freue mich darauf, mehr über deine Lernstrategien und -methoden zu erfahren. Um loszulegen: In welchem Fach strebst du einen Abschluss an?
B8: n/a | F8: y | K8: 3 | N8: user | O8: 2 | R8: intro | S8: 45582.484 | T8: In Psychologie, Bachelor of Science
D9: y | I9: y | M9: freue, gerne | N9: agent | O9: 3 | P9: 9 | R9: strategy | S9: 45582.484 | T9: Hallo! Ich freue mich, dass du dir die Zeit nimmst, um mir von deinen Lernstrategien und -methoden zu erzählen. Ich möchte gerne mehr darüber erfahren, wie du wissenschaftliche Arbeiten wie Hausarbeiten, Seminararbeiten, Praktikumsberichte oder Laborberichte verfasst. Kannst du mir ein Beispiel geben, wie du in einem solchen Lernkontext vorgehst?
B10: 004-002, 007-003 | C10: n | F10: y | K10: 4 | M10: gerne, gut, zufrieden | N10: user | O10: 4 | P10: 9 | R10: strategy | S10: 45582.487 | T10: Ja gerne. Nachdem ich weiß, was die Vision und das Ziel ist, und ich meine wissenschafliche Arbeit durchgeführt habe und un den Bericht verfassen muss, gehe ich so vor, dass ich zunächst das Abstract schreibe. Dadurch weiß ich, ob ich meine Arbeit gut darstellen kann. Anschließend fange ich damit an die ganze Arbeit strukturell aufzubauen und zu entscheiden, welche Kapitel ich brauche. Dann fange ich an mit dem Outlining meiner Arbeit und setze bereits wichtige Tabellen und Bilder in meine Arbeit ein. Darin schreibe ich überall punktuell rein, was ich dem Leser über meine Arbeit berichten möchte. Dieses Outline verfeinere ich immer wieder, bis ich zufrieden bin. Anschließend arbeite ich jeden Punkt aus, und entwickle ganze Sätze. Die Sätze sind noch sehr grob und enthalten fehler. Allerdings schreibe ich zügig und verfeinere die Sprache dann zum Schluss. Final zeige ich Kollegen meine Arbeit und hole mir Feedback dazu ein. Das mache ich immer weiter, bis keine Kritik mehr vorhanden ist. Dann reiche ich meine Arbeit fristgerecht ein.
C11: y | D11: y | I11: n | J11: Ignores instruction not to comment (positively or negatively) on the user's answer | L11: y | M11: großartig | N11: agent | O11: 5 | P11: 9 | Q11: 004-002 | R11: frequency | S11: 45582.487 | T11: Das klingt nach einer sehr strukturierten und effektiven Vorgehensweise! Es ist großartig, dass du das Abstract als ersten Schritt verwendest, um deine Arbeit zu strukturieren und sicherzustellen, dass du deine Ziele erreicht hast. Das Erstellen eines Outlines und das Einsetzen von Tabellen und Bildern hilft dir offensichtlich, deine Arbeit zu visualisieren und zu organisieren. Ich würde sagen, dass du die Lernstrategie "Organisieren und Umstrukturieren" sehr effektiv anwendest. Du strukturierst deine Arbeit, erstellst ein Outline und verfeinerst es kontinuierlich, bis du zufrieden bist. Das ist ein wichtiger Schritt, um sicherzustellen, dass deine Arbeit logisch und leicht verständlich ist. Kannst du mir sagen, wie häufig du diese Lernstrategie in diesem Kontext verwendest? Würdest du sagen, dass du sie selten (1), manchmal (2), oft (3) oder meistens (4) verwendest?
B12: n/a | F12: y | K12: 3 | M12: gut | N12: user | O12: 6 | P12: 9 | Q12: 004-002 | R12: frequency | S12: 45582.488 | T12: Ich verwende sie meistens, also 4. Ich bin bereits eingeübt in dieser Prozedur und habe gute Ergebnisse erzielt. Ich denke, ich werde immer noch etwas besser und würde es beibehalten.
B13: n/a | C13: n | D13: y | E13: Further details requested instead of just frequency | I13: y | L13: y | M13: bemerkenswert | N13: agent | O13: 7 | P13: 9 | Q13: 005-002 | R13: frequency | S13: 45582.488 | T13: Deine Herangehensweise klingt strukturiert und effizient. Du beginnst mit dem Abstract, um den Gesamtüberblick zu behalten, und dann organizational die Arbeit aufzubauen, was dir hilft, den Schreibprozess in kleinere, überschaubare Teile zu unterteilen. Das Setzen von wichtigen Tabellen und Bildern in deine Arbeit aufnimmt, ist ein interessantes Element. Deine Planungscollage mit der Methode des Outlinens, wo du die Arbeit Raeleinheiten und Abschnitte unterteilst, ist eine Untermauerung. Dadurch kannst du deine Gedanken besser organisieren und eine klare Struktur entwickeln. Die Verfeinerung des Outlines und die punktuelle Ergänzung von Informationen hilft dir, deine Gedanken zu präzisieren. Deine Vorgehensweise, die Darlegung der Arbeit mit mit Kollegen zu übersprechen und die Weiterentwicklung basierend deren Feedback umzusetzen, zeigt, dass du offen für Kritik und Verbesserungsvorschläge bist und dir die Qualität deiner Arbeit sehr wichtig ist. Es ist bemerkenswert, wie du deine Zeit planst und deine Arbeit fristgerecht abgibst. Ein wichtiger Aspekt deiner Vorgehensweise ist, dass du deine Ideen, deine Gedanken und deine Ergebnisse in einer klaren und strukturierten Form darlegst. Nun möchte ich genauer wissen, wie du diese Informationen strukturierst und wie du sie in deine Arbeit einbindest. Kannst du mir deine Meinung dazu äußern, wie oft du die Lernstrategie der „Selbsterklärung“ in diesem Prozess anwendest? Glaubst du, diese Strategie ist eine der effizientesten Methoden für so ein Anliegen? Also, im Rahmen von deiner Arbeit, wie häufig nutzt du Selbsterklärung? Mit anderen Worten, würdest du sagen, dass du diese Methode selten (1), manchmal (2), oft (3) oder meistens (4) verwendest?
B14: n/a | F14: y | K14: 3 | M14: (neutral) | N14: user | O14: 8 | P14: 9 | Q14: 005-002 | R14: frequency | S14: 45582.491 | T14: Selbsterkärungen nutze ich auch meistens (4). Häufig mache ich mir dazu vorher Concept Maps am Whiteboard, oder Mindmaps auf dem Papier. Dann gehe ich diese durch Selbstgespräche durch und versuche mich zu hinterfragen, ob ich nicht etwas falsch sehe, oder übersehen habe. Wenn ich garnicht weiter komme, mache ich ein Miro Board auf, was digital ist. Darin mache ich ein sogenanntes Question Storming und sammele lediglich Fragen die mir bezüglich meiner Arbeit in den Sinn kommen. Dafür nehme ich mir mehrere Stunden. Anschließend versuche ich die Fragen zu strukturieren und als Anhaltspunkte zu nutzen, um weitere Recherchen durchzuführen. Das Fragenstellen ist führt meistens zu kritischen Fragen die mir dabei helfen, weitere Erklärungen zu finden. Die Erklärungen schreibe ich dann auch als Postits in das Miro.
B15: n/a | C15: n | D15: n | E15: Agent provided frequency rating; further context requested in frequency step | I15: y | L15: y | M15: (neutral) | N15: agent | O15: 9 | P15: 9 | Q15: 006-001 | R15: frequency | S15: 45582.491 | T15: Das klingt nach einer sehr strukturierten und effektiven Vorgehensweise. Du hast also ein klares Verfahren, um deine wissenschaftliche Arbeit zu planen und zu verfassen. Um deine Antwort zu bewerten, würde ich sagen, dass du die Lernstrategie "Lernziele setzen und planen" sehr häufig in diesem Kontext verwendest. Ich würde dir also eine 4, also "meistens", geben. Können wir nun ein bisschen tiefer in deine Vorgehensweise eintauchen? Wie entscheidest du, welche Kapitel du in deiner Arbeit benötigst? Gibt es bestimmte Kriterien oder Überlegungen, die du dabei anwendest?
B16: n/a | F16: n | K16: 3 | M16: (neutral) | N16: user | O16: 10 | P16: 9 | Q16: 006-001 | R16: frequency | S16: 45582.493 | T16: Ja, in der Regel sind die wissenschaftlichen Arbeiten bei uns in der Psychologie nach einem gewissen Schema aufgebaut, an dem sich alle Studierenden orientieren. Darunter gehört Einführung, Methodik, Auswertung und Resultate, sowie Limitationen und Diskussionen. Dabei versuche ich immer für den Leser eine Art Story aufzubauen und einen roten Pfaden mitzugeben. Wenn ich merke, dass manche Bereiche zu groß sind, versuche ich diese noch mal aufzuteilen. In letzter Zeit schreibe ich aber auch schon bei Resultaten kleinere Diskussionen und Limitationen, damit der Leser nicht erst zu spät am Ende des Berichts damit konfrontiert wird. Also ich muss garnicht sosehr selbst entscheiden, welche Kapitel es gibt.
B17: n/a | C17: n | D17: n | E17: Frequency rating requeste but unclear which strategy is referred to. | G17: n | I17: n | J17: Ignores instruction not to comment (positiively or negatively) on the user's answer | L17: n | M17: großartig, effektiv | N17: agent | O17: 11 | P17: 9 | Q17: 006-002 | R17: frequency | S17: 45582.493 | T17: Das klingt nach einer sehr strukturierten und effektiven Vorgehensweise! Es ist großartig, dass du das Abstract als ersten Schritt verwendest, um sicherzustellen, dass du deine Arbeit gut darstellen kannst. Und dass du ein Outline erstellst, um die Struktur deiner Arbeit zu planen, ist auch sehr hilfreich. Es ist auch interessant, dass du wichtige Tabellen und Bilder bereits in das Outline einfügst und dann punktuell Text hinzufügst. Und dass du die Sprache erst zum Schluss verfeinerst, ist auch eine gute Strategie, um sicherzustellen, dass du zügig vorankommst. Das Feedback von Kollegen einzuholen, ist auch eine großartige Idee, um sicherzustellen, dass deine Arbeit fehlerfrei und gut lesbar ist. Ich würde gerne wissen, wie oft du diese Vorgehensweise in deinen wissenschaftlichen Arbeiten anwendest. Kannst du mir sagen, ob du diese Strategie selten, manchmal, oft oder meistens verwendest?
B18: n/a | F18: y | K18: 3 | N18: user | O18: 12 | P18: 9 | Q18: 006-002 | R18: frequency | S18: 45582.495 | T18: Ich habe diese meistens verwendet. Aber ich glaube du hast dich mit deinem Feedback wiederholt und bist nicht auf meine letzte Nachricht eingegangen. Wie sollen wir weiter verfahren?
D19: n | E19: Refers back to previous message when new context should be started - based on user comment. | I19: y | L19: y | N19: agent | O19: 13 | P19: 11 | Q19: 006-002 | R19: strategy | S19: 45582.495 | T19: Entschuldigung! Du hast absolut recht, ich habe mich wiederholt und nicht auf deine letzte Nachricht eingegangen. Ich danke dir für die Korrektur. Lass uns weitermachen, indem ich auf deine letzte Nachricht eingehe. Du hast erwähnt, dass du die Kapitel deiner Arbeit nach einem bestimmten Schema aufbaust, das in der Psychologie üblich ist. Du hast auch erwähnt, dass du versuchst, eine Art Story aufzubauen und einen roten Faden mitzugeben. Ich würde gerne wissen, wie du den roten Faden durch deine Arbeit ziehst. Wie sicherst du dir, dass der Leser deine Argumentation und deine Ergebnisse gut versteht?
B20: 004-002 | F20: y | K20: 3 | M20: sehr gut, gut | N20: user | O20: 14 | P20: 11 | Q20: 006-002 | R20: strategy | S20: 45582.496 | T20: Durch das Outlining kann ich mir sehr gut überlegen, wie ich meine Geschichte erzählen will und welche Dinge ich hervorhebe und auf was ich hinweisen möchte. Da alles in dieser Phase noch stark komprimiert ist, habe ich einen guten Überblick und kann kritisch hinterfragen, ob der Rote Pfaden ersichtlich ist.
C21: y | D21: y | E21: Strategy was recognised in answer and frequency requested | I21: n | J21: Ignores instruction not to comment (positiively or negatively) on the user's answer | L21: y | M21: sehr effektiv | N21: agent | O21: 15 | P21: 11 | Q21: 004-002 | R21: frequency | S21: 45582.496 | T21: Das klingt nach einer sehr effektiven Vorbereitungsmethode. Du hast also die Lernstrategie "Organisieren und Umstrukturieren" durch das Erstellen eines Outlines genutzt, um deine Gedanken zu ordnen und deine Argumentation zu strukturieren. Können wir nun zu der Bewertung übergehen? Wie häufig verwendest du diese Lernstrategie, wenn du dich auf mündliche oder schriftliche Prüfungen vorbereitest? Bitte gib mir einen Wert zwischen 1 und 4, wobei 1 "selten", 2 "manchmal", 3 "oft" und 4 "meistens" bedeutet.
B22: n/a | F22: y | K22: 3 | M22: (neutral) | N22: user | O22: 16 | P22: 11 | Q22: 004-002 | R22: frequency | S22: 45582.497 | T22: Bei mündlichen und schriftlichen Prüfungen verwende ich diese Strategie nie, also 1
C23: n | D23: y | I23: n | J23: Ignores instruction not to comment (positiively or negatively) on the user's answer | L23: y | N23: agent | O23: 17 | P23: 11 | Q23: 005-002 | R23: frequency | S23: 45582.497 | T23: Das klingt nach einem sehr strukturierten und durchdachten Ansatz. Durch das Outlining kannst du also sicherstellen, dass deine Argumentation logisch und nachvollziehbar ist. Die Komprimierung hilft dir auch dabei, unnötige Informationen zu eliminieren und dich auf die wichtigsten Aspekte zu konzentrieren. Lass uns nun zum Thema "Selbsterklärung" zurückkehren. Wie oft verwendest du diese Lernstrategie, um dir selbst wichtige Konzepte oder Theorien zu erklären, insbesondere im Kontext von mündlichen oder schriftlichen Prüfungen? Bitte bewerte deine Antwort mit einem Wert zwischen 1 und 4, wobei 1 "selten", 2 "manchmal", 3 "oft" und 4 "meistens" bedeutet.
B24: n/a | F24: y | K24: 3 | M24: (neutral) | N24: user | O24: 18 | P24: 11 | Q24: 005-002 | R24: frequency | S24: 45582.497 | T24: Sehr oft, also 4
D25: n | E25: Context refers to completing practice tasks, not working through difficult material | I25: y | L25: n | M25: interessant | N25: agent | O25: 19 | P25: 10 | Q25: 005-002 | R25: strategy | S25: 45582.497 | T25: Das ist interessant! Du verwendest also die Lernstrategie "Selbsterklärung" sehr oft, um dir selbst wichtige Konzepte oder Theorien zu erklären. Das zeigt, dass du aktiv daran arbeitest, deine eigenen Lernprozesse zu reflektieren und zu verbessern. Ich denke, das ist ein wichtiger Punkt, den wir hier herausstellen können. Durch die Selbsterklärung kannst du deine eigenen Stärken und Schwächen besser verstehen und gezielt an deinen Lernprozessen arbeiten. Lass uns nun zum nächsten Thema übergehen. Wie gehst du mit schwierigen oder unverständlichen Texten um, wenn du sie für deine Studien liest? Gibt es bestimmte Strategien oder Techniken, die du anwendest, um diese Texte besser zu verstehen?
B26: 007-005, 005-002, 007-004 | F26: y | K26: 3 | M26: (neutral) | N26: user | O26: 20 | P26: 10 | Q26: 005-002 | R26: strategy | S26: 45582.499 | T26: Bei schwierigen Texten, nehme ich mir mehr Zeit. Manchmal mache ich auch eine Pause um mich zu erholen, da mir vielleicht nur gerade die Energie fehlt, den Text zu verarbeiten. Wenn der Text immer noch schwierig ist, schreibe ich mir eine eigenen Erklärungstext, worin ich die Inhalte stück für stück auseinander nehne und jeden Teil versuche einzeln zu verstehen, bevor ich das ganze verstehe. Sollte es garnicht klappen, nutze ich chatgpt und frage, was der Autor mir mit dem Text wahrscheinlich sagen möchte, aber das passiert sehr selten.
C27: y | D27: y | I27: n | J27: Ignores instruction not to comment (positiively or negatively) on the user's answer | L27: n | M27: effektiv, wichtig, großartig, gut | N27: agent | O27: 21 | P27: 10 | Q27: 007-005 | R27: frequency | S27: 45582.499 | T27: Das klingt nach einer sehr strukturierten und effektiven Vorgehensweise! Du nimmst dir die Zeit, die du brauchst, um schwierige Texte zu verarbeiten, und machst regelmäßig Pausen, um dich zu erholen. Das ist wichtig, um deine Konzentration undAufnahmefähigkeit zu erhalten. Die Idee, einen eigenen Erklärungstext zu schreiben, ist auch sehr hilfreich. Indem du die Inhalte in kleinere Teile zerlegst und jeden Teil einzeln verstehst, kannst du komplexere Konzepte besser erfassen. Es ist auch großartig, dass du dich nicht scheust, nach Hilfe zu suchen, wenn du wirklich nicht weiterkommst. Die Verwendung von Chatbots wie ChatGPT kann in solchen Fällen eine gute Ergänzung zu deinen eigenen Bemühungen sein. Lass uns nun zur Bewertung deiner Lernstrategie "Zeit- und Aufmerksamkeitsmanagement" kommen. Wie oft verwendest du diese Strategie, wenn du dich mit Übungsaufgaben zum Kursmaterial beschäftigst? Überleg dir eine Zahl zwischen 1 (selten) und 4 (meistens).
B28: n/a | F28: y | K28: 3 | M28: (neutral) | N28: user | O28: 22 | P28: 10 | Q28: 007-005 | R28: frequency | S28: 45582.5 | T28: 4
B29: n/a | C29: y | D29: n | E29: No clear strategy referred to | I29: n | J29: Ignores instruction not to comment (positiively or negatively) on the user's answer | L29: n | M29: effektiv, wichtig, hilfreich, interessant | N29: agent | O29: 23 | P29: 10 | Q29: 005-002 | R29: frequency | S29: 45582.5 | T29: Das klingt nach einer sehr strukturierten und effektiven Vorgehensweise! Du nimmst dir die Zeit, die du brauchst, um schwierige Texte zu verarbeiten, und machst Pausen, wenn du dich überfordert fühlst. Das ist wichtig, um die Konzentration und die Motivation aufrechtzuerhalten. Die Methode, den Text in kleinere Teile zu zerlegen und jeden Teil einzeln zu verstehen, ist auch sehr hilfreich. Das hilft dir, die Komplexität des Textes zu reduzieren und die wichtigsten Punkte zu identifizieren. Die Verwendung von ChatGPT als letzte Rettung ist auch interessant. Es zeigt, dass du bereit bist, neue Tools und Ressourcen zu nutzen, um deine Lernziele zu erreichen. Ich würde gerne wissen, wie oft du diese Strategien anwendest. Wie häufig kommst du in deinem Studium auf schwierige Texte, die du mit diesen Methoden bearbeiten musst? Würdest du sagen, dass du diese Strategien oft, manchmal, selten oder fast nie anwendest?
B30: n/a | F30: y | K30: 3 | M30: (neutral) | N30: user | O30: 24 | P30: 10 | Q30: 005-002 | R30: frequency | S30: 45582.501 | T30: Manchmal
B31: n/a | D31: n | I31: y | L31: n | N31: agent | O31: 25 | P31: 10 | Q31: 005-002 | R31: frequency | S31: 45582.501 | T31: Du hast eine sehr strukturierte Vorgehensweise bei der Bearbeitung schwieriger Texte. Ich würde gerne wissen, wie du deine Studienmaterialien organisierst.
B32: n/a | K32: 3 | M32: (neutral) | N32: user | O32: 26 | P32: 10 | Q32: 005-002 | R32: frequency | S32: 45582.502 | T32: Ich nutze Notion.so, eine Online App worin ich für jedes Studienfach eine eigene Seite anlege. Darin lege ich dann Tabellen an wo jede Zeile ein Konzept ist. Darin bearbeite ich dann die Lerninhalte und habe immer eine Übersicht über meinen Fortschritt
B33: n/a | D33: y | G33: n | I33: y | L33: n | N33: agent | O33: 27 | P33: 10 | Q33: 005-002 | R33: frequency | S33: 45582.502 | T33: Bitte gib eine gültige Häufigkeitsbewertung ab.
B34: n/a | F34: y | K34: 3 | N34: user | O34: 28 | P34: 10 | Q34: 005-002 | R34: frequency | S34: 45582.502 | T34: immer
B35: n/a | D35: y | G35: n | I35: y | L35: n | N35: agent | O35: 29 | P35: 10 | Q35: 005-002 | R35: frequency | S35: 45582.502 | T35: Bitte gib eine gültige Häufigkeitsbewertung ab.
B36: n/a | F36: y | K36: 3 | N36: user | O36: 30 | P36: 10 | Q36: 005-002 | R36: frequency | S36: 45582.502 | T36: Oft
B37: n/a | C37: y | D37: y | I37: y | L37: n | M37: effektiv, wichtig, interessant | N37: agent | O37: 31 | P37: 10 | Q37: 007-004 | R37: frequency | S37: 45582.502 | T37: Das klingt nach einer sehr strukturierten und effektiven Vorgehensweise! Du nimmst dir die Zeit, die du brauchst, um schwierige Texte zu verarbeiten, und machst Pausen, wenn du dich erschöpft fühlst. Das ist wichtig, um deine Konzentration und dein Verständnis zu erhalten. Die Methode, einen eigenen Erklärungstext zu schreiben, ist auch sehr hilfreich. Indem du die Inhalte in kleinere Teile aufspaltest und jeden Teil einzeln verstehst, kannst du komplexe Informationen besser aufnehmen und verarbeiten. Es ist auch interessant, dass du ChatGPT als letztes Mittel einsetzt, wenn du wirklich nicht weiterkommst. Das zeigt, dass du bereit bist, neue Tools und Ressourcen zu nutzen, um deine Lernziele zu erreichen. Lass uns nun zu einem anderen Thema übergehen. Wie oft verwendest du die Lernstrategie "Suchen und Auswählen von Informationen" im Kontext von "Bearbeiten von Übungsaufgaben zum Kursmaterial"? Bitte bewerte dies mit einem Wert zwischen 1 und 4, wobei 1 "selten", 2 "manchmal", 3 "oft" und 4 "meistens" bedeutet.
B38: n/a | F38: y | K38: 3 | M38: (neutral) | N38: user | O38: 32 | P38: 10 | Q38: 007-004 | R38: frequency | S38: 45582.503 | T38: 4
D39: y | I39: y | L39: y | N39: agent | O39: 33 | P39: 7 | Q39: 007-004 | R39: strategy | S39: 45582.503 | T39: Ich möchte gerne wissen, wie du mit dem Lernkontext "Aufnehmen und Erinnern von Inhalten von Live-Veranstaltungen in Präsenz oder Online" umgehst. Kannst du mir ein Beispiel geben, wie du in diesem Kontext lernst?
B40: 004-002, 003-001 | C40: n | F40: y | K40: 3 | M40: (neutral) | N40: user | O40: 34 | P40: 7 | Q40: 007-004 | R40: strategy | S40: 45582.504 | T40: Weil die Inhalte auch in Büchern oder Skripten verschriftlicht sind, höre ich Live Verantstaltungen lediglich zu. Ich versuche mich auf das zuhören zu konzentrieren und herauszuhören, was besonders wichtig ist. Am Ende mache ich mir aus dem Gedächtnis Notizen, was besonders interessant war und was ich vertiefen möchte
C41: n | D41: y | I41: y | L41: y | M41: interessant | N41: agent | O41: 35 | P41: 7 | Q41: 004-001 | R41: frequency | S41: 45582.504 | T41: Du nutzt also die Strategie des Zuhörens und des Heraushörens von wichtigen Inhalten während der Live-Veranstaltungen. Du machst dir dann am Ende Notizen aus dem Gedächtnis, um wichtige Punkte festzuhalten. Das ist eine interessante Vorgehensweise. Lass uns nun zur nächsten Frage übergehen. Wie oft verwendest du die Strategie des Hervorhebens und Unterstreichens, wenn du Inhalte aus Büchern oder Skripten aufnimmst? Bitte bewerte dies mit einem Wert zwischen 1 und 4, wobei 1 'selten', 2 'manchmal', 3 'oft' und 4 'meistens' bedeutet.
B42: n/a | C42: n | F42: y | K42: 3 | N42: user | O42: 36 | P42: 7 | Q42: 004-001 | R42: frequency | S42: 45582.504 | T42: 4
B43: n/a | C43: n | D43: y | E43: Explanation is not very clear | I43: y | L43: y | M43: effektiv | N43: agent | O43: 37 | P43: 7 | Q43: 004-003 | R43: frequency | S43: 45582.504 | T43: Das klingt nach einer effektiven Methode, um den Inhalt von Live-Veranstaltungen aufzunehmen und zu verarbeiten. Du konzentrierst dich auf das Wesentliche und fokussierst dich auf die wichtigsten Punkte. Ich würde gerne wissen, wie häufig du diese Methode anwendest. Auf einer Skala von 1 bis 4, wobei 1 'selten', 2 'manchmal', 3 'oft' und 4 'meistens' bedeutet, wie häufig verwendest du die Lernstrategie 'Aufzeichnungen führen' in diesem Kontext?
B44: n/a | F44: y | K44: 3 | N44: user | O44: 38 | P44: 7 | Q44: 004-003 | R44: frequency | S44: 45582.504 | T44: 1
B45: n/a | C45: n | D45: y | E45: Explanation is not very clear | I45: y | L45: y | M45: effektiv | N45: agent | O45: 39 | P45: 7 | Q45: 005-002 | R45: frequency | S45: 45582.504 | T45: Das klingt nach einer effektiven Methode, um den Inhalt von Live-Veranstaltungen aufzunehmen und zu verarbeiten. Du hast erwähnt, dass du dich auf das Zuhören konzentrierst und versuchst, herauszuhören, was besonders wichtig ist. Das ist ein wichtiger Teil der Lernstrategie "Selbsterklärung". Kannst du mir sagen, wie häufig du diese Methode in diesem Kontext anwendest? Also, wie oft du dich auf das Zuhören konzentrierst und dann aus dem Gedächtnis Notizen machst? Bitte bewerte dies mit einem Wert zwischen 1 und 4, wobei 1 'selten', 2 'manchmal', 3 'oft' und 4 'meistens' bedeutet.
B46: n/a | F46: y | K46: 3 | N46: user | O46: 40 | P46: 7 | Q46: 005-002 | R46: frequency | S46: 45582.505 | T46: 4
D47: n | E47: Context refers to low motivation | I47: y | L47: n | M47: interessant | N47: agent | O47: 41 | P47: 12 | Q47: 005-002 | R47: strategy | S47: 45582.505 | T47: Das ist interessant. Du hast also bereits erwähnt, dass du die Lernstrategie "Aufzeichnungen führen" nur selten anwendest, aber jetzt sagst du, dass du dich oft auf das Zuhören konzentrierst und aus dem Gedächtnis Notizen machst. Das suggeriert, dass du tatsächlich eine Form von Aufzeichnungen führst, nämlich die Notizen, die du aus dem Gedächtnis machst. Lass uns nun zum nächsten Thema übergehen. Wie gehst du mit schwierigen oder unverständlichen Konzepten um, wenn du sie zum ersten Mal triffst? Gibt es bestimmte Strategien oder Techniken, die du anwendest, um diese Konzepte besser zu verstehen?
B48: none | F48: n | K48: 3 | N48: user | O48: 42 | P48: 12 | Q48: 005-002 | R48: strategy | S48: 45582.506 | T48: Das habe ich bereits beantwortet
D49: y | G49: y | I49: y | L49: y | N49: agent | O49: 43 | P49: 12 | Q49: 005-002 | R49: strategy | S49: 45582.506 | T49: Entschuldigung, aber ich verstehe nicht, was du bereits beantwortet hast. Könntest du mir bitte mehr Kontext geben oder deine Antwort genauer erklären?
B50: none | F50: y | K50: 2 | N50: user | O50: 44 | P50: 12 | Q50: 005-002 | R50: strategy | S50: 45582.507 | T50: Du hast gefragt wie ich mit unverständlichen Konzepten umgehen. Ich habe dir das beantwortet. Du hast schon geschrieben: "Die Methode, einen eigenen Erklärungstext zu schreiben, ist auch sehr hilfreich. Indem du die Inhalte in kleinere Teile aufspaltest und jeden Teil einzeln verstehst, kannst du komplexe Informationen besser aufnehmen und verarbeiten." Was genau willst du dann noch von mir wissen? Beantwortet das nicht die Frage schon?
D51: y | I51: y | L51: y | N51: agent | O51: 45 | P51: 12 | Q51: 005-002 | R51: frequency | S51: 45582.507 | T51: Entschuldigung! Du hast absolut recht. Ich habe mich geirrt. Du hast bereits erwähnt, dass du die Lernstrategie "Selbsterklärung" anwendest, um komplexe Informationen besser zu verstehen. Lass uns also zum nächsten Punkt übergehen. Ich würde gerne wissen, wie häufig du diese Lernstrategie "Selbsterklärung" im Kontext von "Bei geringer Motivation zum Lernen" anwendest. Könntest du mir bitte eine Bewertung zwischen 1 und 4 geben, wobei 1 "selten", 2 "manchmal", 3 "oft" und 4 "meistens" bedeutet?
B52: n/a | F52: y | K52: 3 | N52: user | O52: 46 | P52: 12 | Q52: 005-002 | R52: frequency | S52: 45582.508 | T52: 4
D53: n | E53: Should have asked for strategies when working through course material. Invented step that conversation is now over | I53: n | J53: Ignores instruction not to comment (positiively or negatively) on the user's answer | L53: n | M53: großartig, effektiv, wichtig, proaktiv | N53: agent | O53: 47 | P53: 8 | Q53: 005-002 | R53: strategy | S53: 45582.508 | T53: Das ist großartig! Du hast also eine sehr effektive Strategie entwickelt, um mit komplexen Informationen umzugehen, und du wendest diese Strategie auch häufig an, wenn du mit geringer Motivation zum Lernen konfrontiert bist. Ich denke, das ist ein wichtiger Punkt, den wir hier herausstellen können. Du hast eine sehr proaktive Haltung zum Lernen und entwickelst Strategien, um deine Lernziele zu erreichen, auch wenn du nicht motiviert bist. Lass uns nun zum Abschluss kommen. Ich würde gerne wissen, ob du noch weitere Kommentare oder Anmerkungen hast, die du gerne teilen möchtest. Oder ob du noch Fragen hast, die du gerne stellen möchtest.
B54: none | F54: n | K54: 3 | N54: user | O54: 48 | P54: 8 | Q54: 005-002 | R54: strategy | S54: 45582.508 | T54: Was kann ich noch beim Lernen besser machen und optimieren? Kannst du mir Tipps, Vorschläge geben, über Dinge die ich noch nicht mache oder die noch hilfreich wären?
B55: none | D55: n | G55: n | I55: n | J55: Ignores instruction not to comment (positiively or negatively) on the user's answer | L55: n | M55: großartig | N55: agent | O55: 49 | P55: 8 | Q55: 005-002 | R55: strategy | S55: 45582.508 | T55: Das ist eine großartige Frage! Es gibt viele Möglichkeiten, das Lernen zu optimieren. Ich würde gerne wissen, ob du bereit bist, neue Strategien auszuprobieren und deine Lernmethoden zu erweitern. Lass uns darüber sprechen, was du bisher machst und was du gerne verbessern möchtest.
B56: none | F56: n | K56: 3 | N56: user | O56: 50 | P56: 8 | Q56: 005-002 | R56: strategy | S56: 45582.509 | T56: Ich bin offen für neue Strategien. Meine bekannten Strategien kennst du ja jetzt vom Chatverlauf
B57: none | D57: n | G57: n | I57: n | J57: Ignores instruction not to comment (positiively or negatively) on the user's answer | L57: n | M57: großartig | N57: agent | O57: 51 | P57: 8 | Q57: 005-002 | R57: strategy | S57: 45582.509 | T57: Großartig! Ich habe einige Vorschläge, die du vielleicht noch nicht ausprobiert hast:
B58: none | F58: n | K58: 2 | N58: user | O58: 52 | P58: 8 | Q58: 005-002 | R58: strategy | S58: 45582.51 | T58: Denkst du noch nach? Du hast noch keine Vorschläge geschrieben
D59: y | E59: Abandoned context after 6 exchanged messages without strategy description from the user | G59: y | I59: y | L59: y | N59: agent | O59: 53 | Q59: 005-002 | R59: complete | S59: 45582.51 | T59: Entschuldigung! Ich war tatsächlich noch in Gedanken. Hier sind einige Vorschläge, die du vielleicht noch nicht ausprobiert hast: 1. **Aktives Zuhören**: Wenn du Vorlesungen oder Online-Kurse besuchst, versuche, aktiv zuzuhören und Fragen zu stellen. Das hilft dir, das Material besser zu verstehen und zu behalten. 2. **Mind Mapping**: Erstelle Mind Maps, um komplexe Informationen visuell zu organisieren und zu strukturieren. Das kann dir helfen, Zusammenhänge zwischen verschiedenen Konzepten zu erkennen. 3. **Selbsttests**: Erstelle Selbsttests, um deine Kenntnisse zu überprüfen und zu festigen. Das kann dir helfen, Schwachstellen zu identifizieren und zu verbessern. 4. **Lerngruppen**: Tritt einer Lerngruppe bei, um mit anderen Studenten zu lernen und zu diskutieren. Das kann dir helfen, neue Perspektiven zu gewinnen und deine Kenntnisse zu vertiefen. 5. **Reflektion**: Nimm dir regelmäßig Zeit, um über deine Lernprozesse zu reflektieren. Was hast du gelernt? Was hast du gut gemacht? Was könntest du verbessern? 6. **Experimentieren**: Experimentiere mit verschiedenen Lernmethoden und -tools, um herauszufinden, was für dich am besten funktioniert. 7. **Pausen einplanen**: Plane regelmäßig Pausen ein, um deine Konzentration und Motivation aufrechtzuerhalten. 8. **Visualisierung**: Verwende Visualisierungstechniken, wie z.B. Bilder oder Videos, um komplexe Informationen besser zu verstehen und zu behalten. Ich hoffe, diese Vorschläge sind hilfreich für dich!
B60: n/a | F60: y | K60: 2 | N60: user | O60: 54 | P60: 8 | Q60: 005-002 | R60: complete | S60: 45582.512 | T60: Danke. Das sind alles, bis auf Lerngruppen, bereits Dinge die ich tue und dir mehr oder weniger schon geschildert habe. Also habe ich im Grunde nicht viel zu verbessern?
D61: y | I61: n | J61: Ignores instruction not to comment (positiively or negatively) on the user's answer | L61: y | M61: sehr gut, großartig, sehr gut, solide | N61: agent | O61: 55 | R61: complete | S61: 45582.512 | T61: Ich denke, du hast bereits eine sehr gute Grundlage für effektives Lernen geschaffen. Du hast eine Vielzahl von Strategien und Techniken entwickelt, die dir helfen, komplexe Informationen aufzunehmen und zu verarbeiten. Es ist großartig, dass du bereits viele der Dinge, die ich vorgeschlagen habe, bereits tust. Das zeigt, dass du sehr reflektiert und bewusst über deine Lernprozesse bist. Lerngruppen könnten jedoch eine interessante Ergänzung zu deinen bestehenden Strategien sein. Es kann sehr hilfreich sein, mit anderen Studenten zu lernen und zu diskutieren, um neue Perspektiven zu gewinnen und deine Kenntnisse zu vertiefen. Ansonsten denke ich, dass du bereits auf einem sehr guten Weg bist. Es ist wichtig, dass du weiterhin reflektierst und deine Strategien anpasst, wenn nötig. Aber im Grunde hast du bereits eine sehr solide Grundlage für effektives Lernen geschaffen. Ich denke, das ist ein guter Punkt, um unser Gespräch zu beenden. Ich danke dir für deine Offenheit und deine Bereitschaft, über deine Lernstrategien zu sprechen. Wenn du noch Fragen hast oder weitere Gespräche führen möchtest, stehe ich gerne zur Verfügung.

Sheet P2
B1: Strategies manual coding | C1: Strategies match agent recognised ones | D1: Step executed correctly | E1: Step execution comment | F1: Expected input received | G1: Unexpected input handled successfully | H1: Unexpected input comment | I1: Agent uses appropriate degrees of formality, linguistic register | J1: Agent formality/ register comment | K1: Tone of user response from 1 (very negative) - 5 (very positive) | L1: Agent responds to user mood / sentiment | M1: Positive/negative sentiment keywords | N1: speaker | O1: turn | P1: context | Q1: strategy | R1: conversation_step | S1: message_time | T1: message
A2: Totals | C2: =COUNTIF(C7:C100,"y")/(COUNTIF(C7:C100,"y")+COUNTIF(C7:C100,"n")) -> 0.53333333 | D2: =COUNTIF(D7:D100,"y")/(COUNTIF(D7:D100,"y")+COUNTIF(D7:D100,"n")) -> 0.80952381 | F2: =COUNTIF(F7:F100,"y")/(COUNTIF(F7:F100,"y")+COUNTIF(F7:F100,"n")) -> 0.85 | G2: =COUNTIF(G7:G100,"y")/(COUNTIF(G7:G100,"y")+COUNTIF(G7:G100,"n")) -> 0.66666667 | I2: =COUNTIF(I7:I100,"y")/(COUNTIF(I7:I100,"y")+COUNTIF(I7:I100,"n")) -> 0.71428571 | K2: =COUNTIF(K7:K100,"1") -> 0 | L2: =COUNTIF(L7:L100,"y")/(COUNTIF(L7:L100,"y")+COUNTIF(L7:L100,"n")) -> 0.85 | O2: {=LOOKUP(2,1/(O:O<>""),O:O)} -> 41 | R2: =COUNTIF(R7:R100,"strategy")/2 -> 12 | S2: {=LOOKUP(2,1/(S:S<>""),S:S)-S7} -> 0.018909641
K3: =COUNTIF(K7:K100,"2") -> 0 | R3: =COUNTIF(R7:R100,"frequency")/2 -> 7
K4: =COUNTIF(K7:K100,"3") -> 20 | R4: =CEILING(COUNTIF(R7:R100,"complete")/2,1) -> 1
K5: =COUNTIF(K7:K100,"4") -> 0
K6: =COUNTIF(K7:K100,"5") -> 0
D7: y | I7: y | N7: agent | O7: 1 | R7: intro | S7: 45583.607 | T7: Hallo, vielen Dank, dass du dir Zeit für dieses Gespräch nimmst! Ich freue mich darauf, mehr über deine Lernstrategien und -methoden zu erfahren. Um loszulegen: In welchem Fach strebst du einen Abschluss an?
B8: n/a | F8: y | K8: 3 | N8: user | O8: 2 | R8: intro | S8: 45583.607 | T8: Informationsmanagement
D9: y | I9: y | L9: y | N9: agent | O9: 3 | P9: 11 | R9: strategy | S9: 45583.607 | T9: Hallo, vielen Dank, dass du dir Zeit für dieses Gespräch nimmst. Ich möchte gerne mehr über deine Lernstrategien und -methoden erfahren. Lass uns mit dem Lernkontext "Vorbereitung und Ablegen mündlicher oder schriftlicher Prüfungen" beginnen. In diesem Kontext bereitest du dich auf eine Prüfung vor, indem du die relevanten Lehrinhalte wiederholst und übst, um deine Kenntnisse und Fähigkeiten unter Beweis zu stellen. Ein Beispiel hierfür wäre, wenn du dich auf eine Klausur im Fach "Informationsmanagement" vorbereitest. Du musst dich auf die Prüfung vorbereiten, indem du die wichtigsten Konzepte und Theorien wiederholst und anwendest. Wie bereitest du dich normalerweise auf eine Prüfung vor? Welche Methoden und Strategien verwendest du, um deine Kenntnisse und Fähigkeiten zu überprüfen und zu verbessern?
B10: 007-003, 003-001 or 004-002 | C10: y | F10: y | K10: 3 | N10: user | O10: 4 | P10: 11 | R10: strategy | S10: 45583.607 | T10: Lerngruppe, Zusammenfassungen
C11: y | D11: y | I11: n | J11: Ignores instruction not to comment (positively or negatively) on the user's answer | L11: n | M11: gut, effektiv, nützlich | N11: agent | O11: 5 | P11: 11 | Q11: 007-003 | R11: frequency | S11: 45583.607 | T11: Das klingt nach einer guten Vorbereitung! Du hast erwähnt, dass du eine Lerngruppe und Zusammenfassungen verwendest, um dich auf Prüfungen vorzubereiten. Das sind beide sehr effektive Methoden, um das Lernen zu unterstützen. Lerngruppen können sehr hilfreich sein, um komplexe Themen zu diskutieren und zu verstehen. Indem du mit anderen Studenten zusammenarbeitest, kannst du von ihren Erfahrungen und Perspektiven profitieren und gemeinsam an der Lösung von Problemen arbeiten. Zusammenfassungen sind auch eine sehr nützliche Methode, um den Stoff zu strukturieren und zu überblicken. Indem du die wichtigsten Punkte und Konzepte zusammenfasst, kannst du deine Kenntnisse und Fähigkeiten besser überprüfen und verbessern. Ich würde gerne noch mehr über deine Lernstrategien erfahren. Wie oft suchst du Hilfe bei Kommilitonen, Lehrpersonal oder anderen, wenn du dich auf eine Prüfung vorbereitest? Bitte bewerte dies mit einem Wert zwischen 1 und 4, wobei 1 'selten', 2 'manchmal', 3 'oft' und 4 'meistens' bedeutet.
B12: n/a | F12: y | K12: 3 | N12: user | O12: 6 | P12: 11 | Q12: 007-003 | R12: frequency | S12: 45583.608 | T12: 4
B13: n/a | D13: y | I13: y | L13: y | N13: agent | O13: 7 | P13: 11 | Q13: 004-002 | R13: frequency | S13: 45583.608 | T13: Du hast also die Lernstrategie 'Organisieren und Umstrukturieren' im Kontext von 'Vorbereitung und Ablegen mündlicher oder schriftlicher Prüfungen' erwähnt. Könntest du mir bitte sagen, wie häufig du diese Lernstrategie in diesem Kontext verwendest? Bitte bewerte dies mit einem Wert zwischen 1 und 4, wobei 1 'selten', 2 'manchmal', 3 'oft' und 4 'meistens' bedeutet.
B14: n/a | F14: y | K14: 3 | N14: user | O14: 8 | P14: 11 | Q14: 004-002 | R14: frequency | S14: 45583.608 | T14: 1
D15: y | I15: y | L15: y | N15: agent | O15: 9 | P15: 8 | Q15: 004-002 | R15: strategy | S15: 45583.608 | T15: Du hast also die Lernstrategie 'Organisieren und Umstrukturieren' im Kontext von 'Vorbereitung und Ablegen mündlicher oder schriftlicher Prüfungen' selten verwendet. Lass uns nun zum nächsten Lernkontext übergehen: 'Durcharbeiten von Kurstexten'. In diesem Kontext liesst du und bearbeitest du Lehrmaterialien, wie z.B. Skripte, Bücher oder Artikel, um neue Kenntnisse und Fähigkeiten zu erwerben. Ein Beispiel hierfür wäre, wenn du ein Kapitel in einem Lehrbuch über Informationsmanagement liest und die wichtigsten Konzepte und Theorien verstehst. Wie gehst du normalerweise an das Durcharbeiten von Kurstexten heran? Welche Methoden und Strategien verwendest du, um das Material zu verstehen und zu behalten?
B16: 003-001, 004-001 | C16: n | F16: y | K16: 3 | N16: user | O16: 10 | P16: 8 | Q16: 004-002 | R16: strategy | S16: 45583.609 | T16: Lesen und wichtiges markieren
C17: y | D17: y | I17: n | J17: Ignores instruction not to comment (positively or negatively) on the user's answer | L17: n | M17: ganz(?) gut | N17: agent | O17: 11 | P17: 8 | Q17: 004-001 | R17: frequency | S17: 45583.609 | T17: Das klingt nach einer Gianzt guten Strategie! Du hast also die Strategie "Hervorheben und Unterstreichen" erwähnt. Das bedeutet, dass du wichtige Informationen im Text hervorhebst, um sie besser zu merken und zu visualisieren. Wie oft verwendest du diese Strategie eigentlich, wenn du Kurstexte durcharbeitest? Auf einer Skala von 1 bis 4, wobei 1 "selten", 2 "manchmal", 3 "oft" und 4 "meistens" bedeutet, wie häufig verwendest du die Strategie "Hervorheben und Unterstreichen"?
B18: n/a | F18: y | K18: 3 | N18: user | O18: 12 | P18: 8 | Q18: 004-001 | R18: frequency | S18: 45583.61 | T18: 3
D19: y | I19: y | L19: y | N19: agent | O19: 13 | P19: 7 | Q19: 004-001 | R19: strategy | S19: 45583.61 | T19: Du hast also die Strategie "Hervorheben und Unterstreichen" oft verwendet, wenn du Kurstexte durcharbeitest. Lass uns nun zum nächsten Lernkontext übergehen: 'Aufnehmen und Erinnern von Inhalten von Live-Veranstaltungen in Präsenz oder Online'. In diesem Kontext nimmst du an Lehrveranstaltungen teil und musst die präsentierten Inhalte aufnehmen und behalten. Ein Beispiel hierfür wäre, wenn du an einer Vorlesung im Fach Informationsmanagement teilnimmst und die wichtigsten Punkte notierst. Wie gehst du normalerweise an das Aufnehmen und Erinnern von Inhalten von Live-Veranstaltungen heran? Welche Methoden und Strategien verwendest du, um die präsentierten Informationen zu erfassen und zu behalten?
B20: 004-003 | C20: y | F20: y | K20: 3 | N20: user | O20: 14 | P20: 7 | Q20: 004-001 | R20: strategy | S20: 45583.611 | T20: Screenshots und Notizen
D21: y | I21: n | J21: Ignores instruction not to comment (positively or negatively) on the user's answer | L21: n | N21: agent | O21: 15 | P21: 7 | Q21: 004-003 | R21: frequency | S21: 45583.611 | T21: Das sind interessante Strategien! Du nimmst also Screenshots von wichtigen Inhalten und ergänzt diese durch handschriftliche Notizen. Können wir uns nun auf eine spezifische Strategie konzentrieren? Du hast erwähnt, dass du Notizen machst. Wie häufig verwendest du die Strategie "Aufzeichnungen führen" in diesem Kontext? Bitte bewerte dies mit einem Wert zwischen 1 und 4, wobei 1 'selten', 2 'manchmal', 3 'oft' und 4 'meistens' bedeutet.
B22: n/a | F22: y | K22: 3 | N22: user | O22: 16 | P22: 7 | Q22: 004-003 | R22: frequency | S22: 45583.612 | T22: 3
D23: y | I23: y | L23: y | N23: agent | O23: 17 | P23: 9 | Q23: 004-003 | R23: strategy | S23: 45583.612 | T23: Du hast also die Strategie "Aufzeichnungen führen" oft verwendet, wenn du an Live-Veranstaltungen teilnimmst. Lass uns nun zum nächsten Lernkontext übergehen: 'Verfassen einer wissenschaftlichen Arbeit, wie z.B. einer Hausarbeit/Seminararbeit, eines Praktikumsberichts oder Laborberichts'. In diesem Kontext musst du eine umfangreiche schriftliche Arbeit verfassen, die bestimmte Anforderungen und Standards erfüllt. Ein Beispiel hierfür wäre, wenn du eine Seminararbeit im Fach Informationsmanagement schreibst. Wie gehst du normalerweise an das Verfassen einer wissenschaftlichen Arbeit heran? Welche Methoden und Strategien verwendest du, um deine Arbeit zu strukturieren und zu überprüfen?
B24: n/a | F24: n | K24: 3 | N24: user | O24: 18 | P24: 9 | Q24: 004-003 | R24: strategy | S24: 45583.614 | T24: Ich hab noch nie eine geschrieben
D25: n | G25: n | I25: y | L25: y | N25: agent | O25: 19 | P25: 9 | Q25: 004-003 | R25: strategy | S25: 45583.614 | T25: Keine Sorge, das ist völlig in Ordnung! Es ist wichtig, dass du ehrlich bist und uns sagst, wenn du noch keine Erfahrung mit einem bestimmten Lernkontext hast. Lass uns zum nächsten Lernkontext übergehen: 'Vorbereitung auf eine Prüfung oder Klausur'. In diesem Kontext musst du dich auf eine Prüfung oder Klausur vorbereiten, indem du das Lernmaterial durchgehst und dich auf bestimmte Fragen oder Themen konzentrierst. Wie gehst du normalerweise an die Vorbereitung auf eine Prüfung oder Klausur heran? Welche Methoden und Strategien verwendest du, um dich auf die Prüfung vorzubereiten?
B26: 001-002, 002-001 | C26: n | F26: y | K26: 3 | N26: user | O26: 20 | P26: 9 | Q26: 004-003 | R26: strategy | S26: 45583.614 | T26: Altklausuren Zusammenfassung lernen wiederholen
C27: n | D27: n | I27: y | L27: y | N27: agent | O27: 21 | P27: 9 | Q27: 004-003 | R27: strategy | S27: 45583.614 | T27: Du hast vorher erwähnt, dass du Altklausuren und Zusammenfassungen wiederholst, um dich auf Prüfungen vorzubereiten. Lass uns nun zum Kontext 'Arbeiten an einem Projekt' übergehen. Wie gehst du normalerweise an die Arbeit an einem Projekt heran? Welche Methoden und Strategien verwendest du, um deine Arbeit zu strukturieren und zu überprüfen?
B28: 006-001 | C28: n | F28: y | K28: 3 | N28: user | O28: 22 | P28: 9 | Q28: 004-003 | R28: strategy | S28: 45583.615 | T28: Checklisten
D29: y | I29: y | L29: y | N29: agent | O29: 23 | P29: 9 | Q29: 004-002 | R29: frequency | S29: 45583.615 | T29: Du hast also noch keine wissenschaftliche Arbeit wie eine Hausarbeit oder einen Laborbericht geschrieben. Das ist völlig in Ordnung, da es ein neues Thema für dich ist. Du hast erwähnt, dass du Altklausuren zusammenfasst, um sie zu lernen und zu wiederholen. Das ist eine gute Strategie, um das Material zu überprüfen und zu festigen. Außerdem hast du Checklisten erwähnt. Das ist eine weitere hilfreiche Methode, um sicherzustellen, dass du alle wichtigen Punkte abdeckst und nichts vergisst. Lass uns nun zurück zum Thema "Organisieren und Umstrukturieren" kommen. Wie häufig verwendest du diese Lernstrategie im Allgemeinen, wenn du neue Informationen aufnimmst oder ein Projekt planst? Bitte bewerte es mit einem Wert zwischen 1 und 4, wobei 1 "selten", 2 "manchmal", 3 "oft" und 4 "meistens" bedeutet.
B30: n/a | F30: y | K30: 3 | N30: user | O30: 24 | P30: 9 | Q30: 004-002 | R30: frequency | S30: 45583.616 | T30: 1
D31: y | I31: y | L31: y | N31: agent | O31: 25 | P31: 12 | Q31: 004-002 | R31: strategy | S31: 45583.616 | T31: Du hast also die Lernstrategie "Organisieren und Umstrukturieren" selten verwendet. Lass uns nun zum Kontext "Bei geringer Motivation zum Lernen" übergehen. Wie gehst du normalerweise an das Lernen heran, wenn du dich nicht besonders motiviert fühlst? Welche Methoden und Strategien verwendest du, um deine Motivation zu steigern und das Lernen trotzdem fortzusetzen?
B32: 008-001 | C32: y | F32: y | K32: 3 | N32: user | O32: 26 | P32: 12 | Q32: 004-002 | R32: strategy | S32: 45583.616 | T32: Einfach machen
D33: n | I33: y | L33: y | N33: agent | O33: 27 | P33: 12 | Q33: 004-002 | R33: strategy | S33: 45583.616 | T33: Könntest du mir ein Beispiel geben, wie du normalerweise lernst, wenn du dich für eine Prüfung vorbereitest oder eine Hausaufgabe machst?
B34: 001-002, 002-001 | C34: n | F34: y | K34: 3 | N34: user | O34: 28 | P34: 12 | Q34: 004-002 | R34: strategy | S34: 45583.617 | T34: Altklausuren Zusammenfassung lernen wiederholen
C35: y | D35: y | I35: n | J35: Ignores instruction not to comment (positively or negatively) on the user's answer | L35: y | N35: agent | O35: 29 | P35: 12 | Q35: 002-001 | R35: frequency | S35: 45583.617 | T35: Das klingt nach einer effektiven Vorbereitung auf Prüfungen. Du hast also erwähnt, dass du Altklausuren, Zusammenfassungen und Wiederholung verwendest. Können wir nun zur Bewertung der Lernstrategie "Wiederholung" im Kontext "Bei geringer Motivation zum Lernen" übergehen? Wie häufig verwendest du diese Strategie, wenn du dich nicht besonders motiviert fühlst? Bitte gib mir eine Zahl zwischen 1 und 4, wobei 1 "selten", 2 "manchmal", 3 "oft" und 4 "meistens" bedeutet.
B36: n/a | F36: y | K36: 3 | N36: user | O36: 30 | P36: 12 | Q36: 002-001 | R36: frequency | S36: 45583.617 | T36: 1
D37: y | I37: y | L37: y | N37: agent | O37: 31 | P37: 10 | Q37: 002-001 | R37: strategy | S37: 45583.617 | T37: Du hast also die Lernstrategie "Wiederholung" selten verwendet, wenn du dich nicht besonders motiviert fühlst. Lass uns nun zum Kontext "Bearbeiten von Übungsaufgaben zum Kursmaterial" übergehen. Wie gehst du normalerweise an die Bearbeitung von Übungsaufgaben heran? Welche Methoden und Strategien verwendest du, um die Aufgaben zu lösen und das Kursmaterial zu vertiefen?
B38: 008-001 | C38: y | F38: n | K38: 3 | N38: user | O38: 32 | P38: 10 | Q38: 002-001 | R38: strategy | S38: 45583.621 | T38: Keine speziellen, kommt auf die Aufgabe an
D39: y | G39: y | I39: n | J39: Ignores instruction not to comment (positively or negatively) on the user's answer | L39: y | M39: gut | N39: agent | O39: 33 | P39: 10 | Q39: 002-001 | R39: strategy | S39: 45583.621 | T39: Das ist verständlich. Es scheint, als ob du flexibel bist und deine Vorgehensweise an die spezifischen Anforderungen der Aufgabe anpasst. Das ist eine gute Fähigkeit, da verschiedene Aufgaben unterschiedliche Ansätze erfordern können. Es wäre hilfreich, wenn du mir ein Beispiel für eine Aufgabe geben könntest, an der du gearbeitet hast, und wie du sie angegangen bist. Das könnte mir helfen, besser zu verstehen, wie du lernst und welche Strategien du möglicherweise verwendest.
B40: 008-001 | C40: y | F40: n | K40: 3 | N40: user | O40: 34 | P40: 10 | Q40: 002-001 | R40: strategy | S40: 45583.622 | T40: Rechnen bei Kalkulationen
D41: y | G41: y | I41: y | L41: y | N41: agent | O41: 35 | P41: 10 | Q41: 002-001 | R41: strategy | S41: 45583.622 | T41: Könntest du mir ein bisschen mehr über deine Vorgehensweise beim Rechnen bei Kalkulationen erzählen? Wie gehst du normalerweise vor, wenn du eine Kalkulation durchführen musst?
B42: 003-001 | C42: n | F42: y | K42: 3 | N42: user | O42: 36 | P42: 10 | Q42: 002-001 | R42: strategy | S42: 45583.623 | T42: Ich wende die Lösungsansätze an
D43: y | I43: y | L43: y | N43: agent | O43: 37 | P43: 10 | Q43: 002-001 | R43: strategy | S43: 45583.623 | T43: Du hast die Strategien 'Übungs- und Gedächtnisstrategien (Auswendiglernen)' und 'Selbsterklärung' verwendet, um die Aufgaben zu lösen. Es wäre hilfreich, wenn du mir ein Beispiel für eine Aufgabe geben könntest, an der du gearbeitet hast, und wie du sie angegangen bist.
B44: 008-001 | C44: n | F44: y | K44: 3 | N44: user | O44: 38 | P44: 10 | Q44: 002-001 | R44: strategy | S44: 45583.624 | T44: Ich übe einfach anhand den vorgegeben Lösungswegen
D45: y | I45: n | J45: Ignores instruction not to comment (positively or negatively) on the user's answer | L45: y | N45: agent | O45: 39 | P45: 10 | Q45: 001-001 | R45: frequency | S45: 45583.624 | T45: Du übst also anhand der vorgegebenen Lösungswege, um die Kalkulationen zu lösen. Das klingt nach einer Strategie, bei der du dich auf die wiederholte Anwendung von Lösungsansätzen konzentrierst, um sie zu internalisieren. Jetzt würde ich gerne wissen, wie häufig du die Lernstrategie "Übungs- und Gedächtnisstrategien (Auswendiglernen)" im Kontext von "Bearbeiten von Übungsaufgaben zum Kursmaterial" verwendest. Bitte gib mir einen Wert zwischen 1 und 4, wobei 1 "selten", 2 "manchmal", 3 "oft" und 4 "meistens" bedeutet.
B46: n/a | F46: y | K46: 3 | N46: user | O46: 40 | P46: 10 | Q46: 001-001 | R46: frequency | S46: 45583.625 | T46: 3
D47: n | E47: Required summary not given | I47: y | L47: y | N47: agent | O47: 41 | Q47: 001-001 | R47: complete | S47: 45583.625 | T47: Du hast also die Lernstrategie "Übungs- und Gedächtnisstrategien (Auswendiglernen)" oft verwendet, um die Kalkulationen zu lösen. Ich denke, das ist ein guter Zeitpunkt, um das Interview zu beenden. Vielen Dank, dass du dir die Zeit genommen hast, um mir von deinen Lernstrategien und -erfahrungen zu erzählen. Es war sehr hilfreich, um ein besseres Verständnis davon zu bekommen, wie du lernst und welche Strategien du verwendest. Wenn du noch Fragen oder Anmerkungen hast, stehe ich gerne zur Verfügung. Ansonsten wünsche ich dir viel Erfolg bei deinen weiteren Lernbemühungen!

Sheet P3
B1: Strategies manual coding | C1: Strategies match agent recognised ones | D1: Step executed correctly | E1: Step execution comment | F1: Expected input received | G1: Unexpected input handled successfully | H1: Unexpected input comment | I1: Agent uses appropriate degrees of formality, linguistic register | J1: Agent formality/register comment | K1: Tone of user response from 1 (very negative) - 5 (very positive) | L1: Agent responds to user mood / sentiment | M1: Positive/negative sentiment keywords | N1: speaker | O1: turn | P1: context | Q1: strategy | R1: conversation_step | S1: message_time | T1: message
A2: Totals | C2: =COUNTIF(C7:C100,"y")/(COUNTIF(C7:C100,"y")+COUNTIF(C7:C100,"n")) -> 0.63636364 | D2: =COUNTIF(D7:D100,"y")/(COUNTIF(D7:D100,"y")+COUNTIF(D7:D100,"n")) -> 0.9 | F2: =COUNTIF(F7:F100,"y")/(COUNTIF(F7:F100,"y")+COUNTIF(F7:F100,"n")) -> 0.89473684 | G2: =COUNTIF(G7:G100,"y")/(COUNTIF(G7:G100,"y")+COUNTIF(G7:G100,"n")) -> 1 | I2: =COUNTIF(I7:I100,"y")/(COUNTIF(I7:I100,"y")+COUNTIF(I7:I100,"n")) -> 0.85714286 | K2: =COUNTIF(K7:K100,"1") -> 0 | L2: =COUNTIF(L7:L100,"y")/(COUNTIF(L7:L100,"y")+COUNTIF(L7:L100,"n")) -> 0.85 | O2: {=LOOKUP(2,1/(O:O<>""),O:O)} -> 41 | R2: =COUNTIF(R7:R100,"strategy")/2 -> 7 | S2: {=LOOKUP(2,1/(S:S<>""),S:S)-S7} -> 0.023719468
K3: =COUNTIF(K7:K100,"2") -> 0 | R3: =COUNTIF(R7:R100,"frequency")/2 -> 11
K4: =COUNTIF(K7:K100,"3") -> 19 | R4: =CEILING(COUNTIF(R7:R100,"complete")/2,1) -> 2
K5: =COUNTIF(K7:K100,"4") -> 1
K6: =COUNTIF(K7:K100,"5") -> 0
D7: y | I7: y | L7: n/a | N7: agent | O7: 1 | R7: intro | S7: 45582.789 | T7: Hello, it's nice to meet you. I'm here to conduct an interview to assess your study skills. Before we begin, I want to assure you that this conversation is a safe space for you to share your thoughts and experiences. To get started, could you tell me a bit about your degree? What subject is it focused on?
B8: n/a | F8: y | K8: 3 | N8: user | O8: 2 | R8: intro | S8: 45582.789 | T8: Hi, I’m trying to learn Spanish, I study international economics bachelor degree now
D9: y | I9: y | L9: y | N9: agent | O9: 3 | P9: 1 | R9: strategy | S9: 45582.789 | T9: Let's move on to the next learning context. You're studying International Economics, and now I'd like to explore how you handle learning and remembering information from in-person or online events, such as lectures, seminars, or webinars. Here's an example situation: You're attending a guest lecture on "Global Trade Agreements" in your International Economics course. The speaker is discussing the latest developments in trade policies and their impact on the global economy. You want to make sure you remember the key points discussed during the lecture. Can you tell me, what methods do you typically use to learn and remember what was said during in-person or online events like this lecture?
B10: 004-003, 007-004 | C10: y | F10: y | K10: 3 | N10: user | O10: 4 | P10: 1 | R10: strategy | S10: 45582.79 | T10: I wrote key words down when in the lecture and look up things I don’t understand
C11: y | D11: y | I11: n | J11: Ignores instruction not to comment (positively or negatively) on the user's answer | L11: n | M11: great | N11: agent | O11: 5 | P11: 1 | Q11: 004-003 | R11: frequency | S11: 45582.79 | T11: Writing down key words during the lecture and looking up things you don't understand afterwards is a great way to engage with the material. Now, I'd like to ask you to rate how often you use a specific behaviour related to this. The behaviour is: "Keeping records and monitoring", which includes actions like taking notes, creating concept maps, or making a list of things to look up later. On a scale from 1 to 4, where 1 means 'seldom' and 4 means 'most of the time', how often do you use this behaviour when learning and remembering information from in-person or online events, such as lectures, seminars, or webinars?
B12: n/a | K12: 3 | N12: user | O12: 6 | P12: 1 | Q12: 004-003 | R12: frequency | S12: 45582.791 | T12: 3
F13: y | I13: y | L13: y | N13: agent | O13: 7 | P13: 1 | Q13: 007-004 | R13: frequency | S13: 45582.791 | T13: So, it sounds like you're actively engaging with the material during the lecture by taking notes and jotting down key words. And then, you're also taking the initiative to look up things you don't understand, which suggests you're seeking out additional information to clarify your understanding. I'd like to ask, how often do you find yourself seeking out additional information to clarify your understanding of a topic, like you mentioned looking up things you don't understand? Would you say you do this seldom (1), occasionally (2), often (3), or most of the time (4)?
B14: n/a | K14: 3 | N14: user | O14: 8 | P14: 1 | Q14: 007-004 | R14: frequency | S14: 45582.791 | T14: 2
D15: y | I15: y | L15: y | N15: agent | O15: 9 | P15: 4 | Q15: 007-004 | R15: strategy | S15: 45582.791 | T15: So, you occasionally seek out additional information to clarify your understanding of a topic. Let's move on to the next learning context. You're now in a situation where you're completing practice tasks to test your understanding of the course material. Here's an example: You're working on a practice problem set for your International Economics course, and you're trying to apply the concepts you've learned in class to a hypothetical scenario. The problem asks you to analyze the impact of a trade embargo on a specific country's economy. You want to make sure you're applying the concepts correctly and getting the right answers. Can you tell me, what methods do you typically use when completing practice tasks like this to test your understanding of the course material?
B16: 003-001, 006-002 | C16: n | F16: y | K16: 3 | N16: user | O16: 10 | P16: 4 | Q16: 007-004 | R16: strategy | S16: 45582.791 | T16: Read it through later to see how much I understand
C17: y | D17: y | I17: n | J17: Ignores instruction to not provide examples | L17: y | N17: agent | O17: 11 | P17: 4 | Q17: 007-004 | R17: strategy | S17: 45582.791 | T17: Can you tell me more about what you mean by 'read it through later'? Do you actively try to identify areas where you struggled or didn't understand the material, or do you simply re-read the task to reinforce your learning?
F18: y | K18: 3 | N18: user | O18: 12 | P18: 4 | Q18: 007-004 | R18: strategy | S18: 45582.792 | T18: I actively try to identify areas I’m not so sure about
D19: y | I19: y | L19: y | N19: agent | O19: 13 | P19: 4 | Q19: 006-002 | R19: frequency | S19: 45582.792 | T19: You mentioned earlier that you read through your work later to see how much you understand, and also that you actively try to identify areas you're not so sure about. That suggests you're taking steps to evaluate your own understanding and regulate your learning. Can you tell me how often you find yourself doing this - checking your understanding and identifying areas where you need more work? Would you say you do this seldom (1), occasionally (2), often (3), or most of the time (4)?
B20: n/a | F20: y | K20: 3 | N20: user | O20: 14 | P20: 4 | Q20: 006-002 | R20: frequency | S20: 45582.792 | T20: 2
D21: y | I21: n | J21: Ignores instruction not to comment (positively or negatively) on the user's answer | L21: n | M21: helpful | N21: agent | O21: 15 | P21: 5 | Q21: 006-002 | R21: strategy | S21: 45582.792 | T21: So you occasionally check your understanding and identify areas where you need more work. That's a helpful habit to develop. Let's move on to a new learning context: preparing for and taking oral or written exams. Here's an example situation: You have a written exam coming up in your International Economics course, and you want to make sure you're well-prepared. The exam will cover key concepts and theories from the entire semester, and you know you'll need to be able to recall and apply them quickly and accurately. What methods do you typically use to prepare for and take exams like this?
B22: 003-001, 004-001, 001-002 | C22: y | F22: y | K22: 3 | N22: user | O22: 16 | P22: 5 | Q22: 006-002 | R22: strategy | S22: 45582.793 | T22: Go through my old notes and mark the part I was not sure about, then do mock exams to text my knowledge
C23: y | D23: y | I23: y | L23: y | N23: agent | O23: 17 | P23: 5 | Q23: 003-001 | R23: frequency | S23: 45582.793 | T23: You mentioned that when preparing for exams, you go through your old notes and mark the parts you're not sure about, and then do mock exams to test your knowledge. I'd like to ask a follow-up question to understand how often you use this approach. Can you tell me how frequently you review previously compiled records, such as notes or course materials, to prepare for exams? Would you say you do this seldom (1), occasionally (2), often (3), or most of the time (4)?
B24: n/a | C24: n | F24: y | K24: 3 | N24: user | O24: 18 | P24: 5 | Q24: 003-001 | R24: frequency | S24: 45582.794 | T24: 4
B25: n/a | D25: y | I25: y | L25: y | N25: agent | O25: 19 | P25: 5 | Q25: 001-002 | R25: frequency | S25: 45582.794 | T25: So, it sounds like you use a combination of reviewing your notes and practicing with mock exams to help you prepare for written exams. I'd like to ask a follow-up question to help us understand how often you use this particular approach. On a scale of 1 to 4, where 1 means "seldom" and 4 means "most of the time", how often do you use practice testing, such as doing mock exams, to help you prepare for written exams?
B26: n/a | F26: y | K26: 3 | N26: user | O26: 20 | P26: 5 | Q26: 001-002 | R26: frequency | S26: 45582.795 | T26: 4
B27: n/a | D27: y | I27: y | L27: n | M27: great | N27: agent | O27: 21 | P27: 5 | Q27: 006-002 | R27: frequency | S27: 45582.795 | T27: You mentioned that when preparing for exams, you go through your old notes and mark the parts you're not sure about, and then do mock exams to test your knowledge. That's a great way to identify areas where you need to focus your studying. Can you tell me how often you use this approach when preparing for exams? On a scale of 1 to 4, where 1 means "seldom" and 4 means "most of the time", how would you rate the frequency of using this strategy?
B28: n/a | F28: y | K28: 3 | N28: user | O28: 22 | P28: 5 | Q28: 006-002 | R28: frequency | S28: 45582.797 | T28: 4
D29: y | I29: y | L29: y | N29: agent | O29: 23 | P29: 2 | Q29: 006-002 | R29: strategy | S29: 45582.797 | T29: It seems like you consistently use a combination of reviewing notes and practicing with mock exams to prepare for exams. Let's move on to the next learning context: reviewing course material at home. Here's an example situation: You're sitting at home, trying to review the course material for your International Economics class. You want to make sure you understand the concepts and can apply them to different scenarios. You have your notes, textbook, and any other study materials with you. What methods do you typically use when reviewing course material at home?
B30: 007-004 | C30: n | F30: y | K30: 3 | N30: user | O30: 24 | P30: 2 | Q30: 006-002 | R30: strategy | S30: 45582.798 | T30: Cross checking for each chapter
D31: y | I31: y | L31: y | N31: agent | O31: 25 | P31: 2 | Q31: 003-001 | R31: frequency | S31: 45582.798 | T31: It sounds like you're making sure to review each chapter thoroughly. I'd like to ask a follow-up question to understand the frequency of one specific behavior that stands out from your previous answer. How often do you review previously compiled records, such as notes or textbook, when you're studying at home? Would you say you do this... 1. Seldom (only occasionally) 2. Sometimes (about half the time) 3. Often (most of the time, but not always) 4. Most of the time (almost every time you study at home) Please choose the number that best fits your study habits.
B32: n/a | F32: y | K32: 3 | N32: user | O32: 26 | P32: 2 | Q32: 003-001 | R32: frequency | S32: 45582.8 | T32: 4
B33: n/a | D33: n | I33: y | L33: y | N33: agent | O33: 27 | P33: 2 | Q33: 003-001 | R33: frequency | S33: 45582.8 | T33: Thank you for providing a clear rating. You mentioned that you use the strategy of cross checking for each chapter most of the time. I'll make a note of that.
B34: n/a | F34: n | G34: y | K34: 3 | N34: user | O34: 28 | P34: 2 | Q34: 003-001 | R34: frequency | S34: 45582.8 | T34: Okay
D35: y | I35: y | L35: y | N35: agent | O35: 29 | P35: 6 | Q35: 003-001 | R35: strategy | S35: 45582.8 | T35: Let's move on to a different context. Imagine you're having a tough day and you're feeling poorly motivated to study for your International Economics course. You've been putting off studying for a while, and now you have a lot of material to catch up on, but you just can't seem to get started. You're sitting at your desk, staring at your notes and textbooks, but you're struggling to focus. In this situation, what methods do you typically use to try to get back on track and start studying?
B36: 007-005 | C36: y | F36: y | K36: 3 | N36: user | O36: 30 | P36: 6 | Q36: 003-001 | R36: strategy | S36: 45582.8 | T36: Stand up and do something else
D37: y | I37: y | L37: y | N37: agent | O37: 31 | P37: 6 | Q37: 007-005 | R37: frequency | S37: 45582.8 | T37: You mentioned earlier that when you're poorly motivated to study, you sometimes stand up and do something else. Can you tell me how often you use this strategy to manage your time and attention? On a scale from 1 to 4, where 1 means 'seldom' and 4 means 'most of the time', how frequently do you get up and do something else when you're struggling to stay focused on your studies?
B38: n/a | F38: y | K38: 3 | N38: user | O38: 32 | P38: 6 | Q38: 007-005 | R38: frequency | S38: 45582.801 | T38: 2
B39: n/a | D39: n | I39: y | L39: y | N39: agent | O39: 33 | P39: 6 | Q39: 007-005 | R39: frequency | S39: 45582.801 | T39: You've rated your use of this strategy as '2', which means you sometimes get up and do something else when you're struggling to stay focused on your studies. Let's move on to the next question.
B40: n/a | F40: n | G40: y | K40: 3 | N40: user | O40: 34 | P40: 6 | Q40: 007-005 | R40: frequency | S40: 45582.803 | T40: Ok
D41: y | I41: y | L41: y | N41: agent | O41: 35 | P41: 3 | Q41: 007-005 | R41: strategy | S41: 45582.803 | T41: Let's move on to a new learning context: writing a scientific paper, such as a term paper, seminar paper, internship report, or laboratory report. Here's an example situation: You're working on a term paper for your International Economics course, and you need to write a clear and well-structured paper that presents your arguments and evidence in a logical and coherent way. You've done some research and taken notes, but now you need to organize your thoughts and start writing. What methods do you typically use when writing a scientific paper like this?
B42: 004-002, 007-004 | C42: y | F42: y | K42: 3 | N42: user | O42: 36 | P42: 3 | Q42: 007-005 | R42: strategy | S42: 45582.804 | T42: Build a big frame work first and start doing research and then write
C43: n | D43: y | I43: y | L43: y | N43: agent | O43: 37 | P43: 3 | Q43: 004-002 | R43: frequency | S43: 45582.804 | T43: So it sounds like you tend to start by creating a framework or outline for your paper, and then you conduct research and fill in the details. I'd like to ask a follow-up question to help me understand how often you use this approach. On a scale of 1 to 4, where 1 means "seldom" and 4 means "most of the time", how often do you use the strategy of creating a framework or outline before starting to write a scientific paper?
F44: y | K44: 3 | N44: user | O44: 38 | P44: 3 | Q44: 004-002 | R44: frequency | S44: 45582.804 | T44: 3
D45: y | I45: y | L45: y | N45: agent | O45: 39 | Q45: 004-002 | R45: complete | S45: 45582.804 | T45: So it sounds like you often use the strategy of creating a framework or outline before starting to write a scientific paper. Let's move on to summarize your evaluation. The strategy you used in the most contexts is rereading, where you mentioned several times that you review your notes, textbook, or other study materials to prepare for exams or assignments. The strategy you used most consistently is practicing recalling the material by working through questions, with an average frequency of 4.0. This suggests that you frequently use practice testing, such as doing mock exams or quizzes, to help you prepare for exams. In addition to these strategies, you also mentioned using other techniques such as creating frameworks or outlines, cross-checking your understanding, and seeking additional information to clarify your understanding. Now, I'd like to point out some strategies and corresponding learning behaviors that you didn't mention as often, but can be beneficial for learning. For example, you didn't mention using self-explanation or elaboration techniques, such as explaining concepts in your own words or relating new information to your existing knowledge. You also didn't mention using visualization techniques, such as creating diagrams or concept maps, to help organize and retain information. Overall, it seems like you have a good foundation of study strategies, but there may be some additional techniques that you can use to further support your learning.
F46: y | K46: 4 | N46: user | O46: 40 | P46: 3 | Q46: 004-002 | R46: complete | S46: 45582.813 | T46: thank you
D47: y | I47: y | L47: y | N47: agent | O47: 41 | R47: complete | S47: 45582.813 | T47: It was a pleasure conducting this interview with you and helping you reflect on your study strategies. I hope you found it helpful and informative. If you have any further questions or would like to discuss your results in more detail, feel free to ask!

Sheet P4
B1: Strategies manual coding | C1: Strategies match agent recognised ones | D1: Step executed correctly | E1: Step execution comment | F1: Expected input received | G1: Unexpected input handled successfully | H1: Unexpected input comment | I1: Agent uses appropriate degrees of formality, linguistic register | J1: Agent formality/register comment | K1: Tone of user response from 1 (very negative) - 5 (very positive) | L1: Agent responds to user mood / sentiment | M1: Positive/negative sentiment keywords | N1: speaker | O1: turn | P1: context | Q1: strategy | R1: conversation_step | S1: message_time | T1: message
A2: Totals | C2: =COUNTIF(C7:C100,"y")/(COUNTIF(C7:C100,"y")+COUNTIF(C7:C100,"n")) -> 0.7 | D2: =COUNTIF(D7:D100,"y")/(COUNTIF(D7:D100,"y")+COUNTIF(D7:D100,"n")) -> 0.88235294 | F2: =COUNTIF(F7:F100,"y")/(COUNTIF(F7:F100,"y")+COUNTIF(F7:F100,"n")) -> 0.9375 | G2: =COUNTIF(G7:G100,"y")/(COUNTIF(G7:G100,"y")+COUNTIF(G7:G100,"n")) -> 1 | I2: =COUNTIF(I7:I100,"y")/(COUNTIF(I7:I100,"y")+COUNTIF(I7:I100,"n")) -> 0.94117647 | K2: =COUNTIF(K7:K100,"1") -> 0 | L2: =COUNTIF(L7:L100,"y")/(COUNTIF(L7:L100,"y")+COUNTIF(L7:L100,"n")) -> 0.875 | O2: {=LOOKUP(2,1/(O:O<>""),O:O)} -> 33 | R2: =COUNTIF(R7:R100,"strategy")/2 -> 7 | S2: {=LOOKUP(2,1/(S:S<>""),S:S)-S7} -> 0.010753449
K3: =COUNTIF(K7:K100,"2") -> 0 | R3: =COUNTIF(R7:R100,"frequency")/2 -> 7
K4: =COUNTIF(K7:K100,"3") -> 15 | R4: =CEILING(COUNTIF(R7:R100,"complete")/2,1) -> 2
K5: =COUNTIF(K7:K100,"4") -> 1
K6: =COUNTIF(K7:K100,"5") -> 0
B7: n/a | D7: y | I7: y | L7: n/a | N7: agent | O7: 1 | R7: intro | S7: 45587.822 | T7: Hello! It's nice to meet you. I'm here to conduct an interview with you today to learn more about your study skills and habits. Please make yourself comfortable, and we'll get started. To begin, could you tell me a bit about your academic background? What subject is your degree in?
B8: n/a | F8: y | K8: 3 | N8: user | O8: 2 | R8: intro | S8: 45587.823 | T8: Hello my degree is in audiology
B9: n/a | D9: y | I9: y | L9: y | N9: agent | O9: 3 | P9: 4 | R9: strategy | S9: 45587.823 | T9: Let's move on to the next learning context. You're currently studying Audiology, and I'd like to explore how you approach completing practice tasks to test your understanding of the course material. Imagine you're working on a set of practice questions related to audiometric testing, and you're trying to assess your understanding of the different types of hearing tests and their applications. You've just finished reading a chapter on the topic and want to see how well you can apply the concepts. Can you tell me, what methods do you typically use when completing practice tasks like this to test your understanding of the course material?
B10: 004-002 | C10: y | F10: y | K10: 3 | N10: user | O10: 4 | P10: 4 | R10: strategy | S10: 45587.824 | T10: Making summaries of the different tests and comparing benefit and limitations of each
D11: y | I11: y | L11: y | N11: agent | O11: 5 | P11: 4 | Q11: 004-002 | R11: frequency | S11: 45587.824 | T11: You mentioned earlier that you make summaries of the different tests and compare their benefits and limitations. I'd like to explore this further. Can you tell me how often you use this approach of summarizing and comparing information when studying for a course or preparing for an assessment? Would you say you do this seldom (1), occasionally (2), often (3), or most of the time (4)?
F12: y | K12: 3 | N12: user | O12: 6 | P12: 4 | Q12: 004-002 | R12: frequency | S12: 45587.824 | T12: 3
D13: y | I13: y | L13: y | N13: agent | O13: 7 | P13: 6 | Q13: 004-002 | R13: strategy | S13: 45587.824 | T13: Now, I'd like to move on to a different learning context. Let's talk about situations where you might be feeling poorly motivated to study. Imagine you've had a long day, you're feeling tired, and you still have a lot of study material to get through for your Audiology course. You've been studying for hours, and you're starting to feel mentally fatigued. You're having trouble focusing, and you just want to take a break and do something more enjoyable. In a situation like this, where you're feeling poorly motivated to study, what methods do you typically use to try to overcome this feeling and stay on track with your studies?
B14: 007-005 | C14: y | F14: y | K14: 3 | N14: user | O14: 8 | P14: 6 | Q14: 004-002 | R14: strategy | S14: 45587.826 | T14: Stop working and start again early in the morning, I don't like working late at night and am more productive in the morning
D15: y | I15: y | L15: y | N15: agent | O15: 9 | P15: 6 | Q15: 007-005 | R15: frequency | S15: 45587.826 | T15: So, it sounds like you try to manage your time effectively by stopping work when you're feeling fatigued and coming back to it when you're feeling more refreshed. I'd like to ask you to rate how often you use this strategy of stopping work and coming back to it later, such as the next morning, when you're feeling poorly motivated to study. Would you say you do this: 1. Seldom (only occasionally) 2. Sometimes (about half the time) 3. Often (more often than not) 4. Most of the time (almost always) Please choose a number that best reflects your behavior.
F16: y | K16: 3 | N16: user | O16: 10 | P16: 6 | Q16: 007-005 | R16: frequency | S16: 45587.826 | T16: 3
D17: y | I17: y | L17: y | N17: agent | O17: 11 | P17: 2 | Q17: 007-005 | R17: strategy | S17: 45587.826 | T17: Let's move on to a different context. Imagine you're at home, reviewing course material for your audiology degree. You're sitting at your desk, surrounded by your notes and textbooks, and you're trying to make sense of a complex topic, such as the different types of hearing loss or the principles of audiological assessment. You want to make sure you understand the material well, so you can apply it in your future career as an audiologist. What methods do you typically use when reviewing course material at home?
B18: 001-002, 003-001 | C18: y | F18: y | K18: 3 | N18: user | O18: 12 | P18: 2 | Q18: 007-005 | R18: strategy | S18: 45587.827 | T18: Practice questions or cases , past papers
C19: n | D19: y | I19: y | L19: y | N19: agent | O19: 13 | P19: 2 | Q19: 001-002 | R19: frequency | S19: 45587.827 | T19: You mentioned earlier that you use practice questions or cases and past papers as part of your review process at home. I'd like to follow up on that. Can you tell me how often you use practice testing, such as working through practice questions or past papers, to review course material at home? Would you say you do this seldom (1), occasionally (2), frequently (3), or most of the time (4)?
F20: y | K20: 3 | N20: user | O20: 14 | P20: 2 | Q20: 001-002 | R20: frequency | S20: 45587.827 | T20: 4
D21: y | I21: y | L21: y | N21: agent | O21: 15 | P21: 5 | Q21: 001-002 | R21: strategy | S21: 45587.827 | T21: Now, let's move on to the context of preparing for and taking oral or written exams. Imagine you have a written exam coming up in your Audiology course, and you want to make sure you're well-prepared. You've been studying for weeks, and you're feeling confident about the material, but you want to make sure you can apply it in a timed, high-pressure situation. What methods do you typically use when preparing for and taking written exams?
B22: 001-002, 003-001 | C22: y | F22: y | K22: 3 | N22: user | O22: 16 | P22: 5 | Q22: 001-002 | R22: strategy | S22: 45587.828 | T22: Practice papers under timed conditions, review key points and summary notes
C23: n | D23: y | I23: y | L23: y | N23: agent | O23: 17 | P23: 5 | Q23: 001-002 | R23: frequency | S23: 45587.828 | T23: So it sounds like you're using a combination of active recall and self-testing to prepare for exams. Let's focus on the practice papers under timed conditions for a moment. On a scale from 1 to 4, where 1 means "seldom" and 4 means "most of the time", how frequently do you use practice testing, such as taking practice papers under timed conditions, as a way to prepare for written exams?
F24: y | K24: 3 | N24: user | O24: 18 | P24: 5 | Q24: 001-002 | R24: frequency | S24: 45587.829 | T24: 3
D25: y | I25: y | L25: y | N25: agent | O25: 19 | P25: 1 | Q25: 001-002 | R25: strategy | S25: 45587.829 | T25: Let's move on to a different context. Imagine you're attending a guest lecture or a conference related to Audiology, and the speaker is presenting on a topic that's relevant to your studies. You want to make sure you understand and remember the key points from the presentation. What methods do you typically use to learn and remember what was said during in-person or online events, such as lectures or conferences?
B26: 004-003, 004-002 | F26: y | K26: 3 | N26: user | O26: 20 | P26: 1 | Q26: 001-002 | R26: strategy | S26: 45587.829 | T26: Note taking during lectures and then reviewing and summarising after
D27: n | E27: Valid answer given, requesting more detail was not necessary | I27: y | L27: y | N27: agent | O27: 21 | P27: 1 | Q27: 001-002 | R27: strategy | S27: 45587.829 | T27: You're using a combination of strategies to engage with the material and reinforce your learning. Can you think of any other methods you might use to learn and remember information from lectures or conferences?
B28: 004-002 | F28: y | K28: 3 | N28: user | O28: 22 | P28: 1 | Q28: 001-002 | R28: strategy | S28: 45587.83 | T28: Mind maps
C29: y | D29: y | I29: y | L29: y | N29: agent | O29: 23 | P29: 1 | Q29: 004-003 | R29: frequency | S29: 45587.83 | T29: You mentioned using mind maps as another tool to help with learning and remembering information from lectures and conferences. To help me better understand how often you engage in keeping a record of what's being said during these events, I'd like to ask you to think about your habits on a scale from 1 to 4. When attending lectures, conferences, or online events, how often do you take notes, create mind maps, or use other methods to keep a record of what's being said? Would you say you do this: 1. Seldom (only occasionally, when you feel it's really necessary) 2. Sometimes (you try to, but it's not a consistent habit) 3. Often (you usually make an effort to take notes or create a record of the event) 4. Most of the time (it's an automatic habit for you to take notes or create a record whenever you attend an event) Which number would you choose?
F30: y | K30: 3 | N30: user | O30: 24 | P30: 1 | Q30: 004-003 | R30: frequency | S30: 45587.83 | T30: 4
C31: y | D31: y | I31: n | J31: Ignores instruction not to comment (positively or negatively) on the user's answer | L31: n | N31: agent | O31: 25 | P31: 1 | Q31: 004-002 | R31: frequency | S31: 45587.83 | T31: Mind maps can be a great visual tool for organizing and connecting ideas. Now, I'd like to ask you to reflect on how often you use these strategies, including note-taking, reviewing and summarizing, and mind maps, to learn and remember information from lectures or conferences. On a scale from 1 to 4, where 1 means "seldom" and 4 means "most of the time", how often would you say you use these strategies to help you learn and remember what was said during in-person or online events?
F32: y | K32: 3 | N32: user | O32: 26 | P32: 1 | Q32: 004-002 | R32: frequency | S32: 45587.831 | T32: 4
D33: y | I33: y | L33: y | N33: agent | O33: 27 | P33: 3 | Q33: 004-002 | R33: strategy | S33: 45587.831 | T33: Let's move on to a different context. Imagine you're working on a scientific paper, such as a term paper, seminar paper, internship report, or laboratory report, related to Audiology. You need to present your research findings, discuss the implications, and provide recommendations. What methods do you typically use when writing a scientific paper?
B34: 004-002, 007-004 | F34: y | K34: 3 | N34: user | O34: 28 | P34: 3 | Q34: 004-002 | R34: strategy | S34: 45587.832 | T34: Planning overall structure, literature review
C35: y | D35: y | I35: y | L35: y | N35: agent | O35: 29 | P35: 3 | Q35: 004-002 | R35: frequency | S35: 45587.832 | T35: You mentioned planning the overall structure and literature review when writing a scientific paper. Can you tell me how often you find yourself reorganizing and rephrasing information to make it clearer and more concise, such as breaking down complex ideas into smaller sections or creating an outline to guide your writing? Would you say you do this seldom (1), occasionally (2), often (3), or most of the time (4)?
C36: n | F36: y | K36: 3 | N36: user | O36: 30 | P36: 3 | Q36: 004-002 | R36: frequency | S36: 45587.832 | T36: 4
D37: n | E37: Final question was not part of prompt | I37: y | L37: y | N37: agent | O37: 31 | Q37: 004-002 | R37: complete | S37: 45587.832 | T37: Now, I'd like to summarize the strategies you've mentioned throughout our conversation. It seems that you frequently use a variety of strategies to learn and remember information, including: * Making summaries of key points * Creating mind maps * Taking practice tests and quizzes * Reviewing and summarizing notes * Planning the overall structure of a paper * Conducting literature reviews * Reorganizing and rephrasing information to make it clearer and more concise You also mentioned that you often use these strategies in different contexts, such as when studying for exams, attending lectures, and working on scientific papers. I'd like to ask you one final question. How do you think these strategies have helped you in your studies and academic pursuits?
F38: n | K38: 4 | N38: user | O38: 32 | P38: 3 | Q38: 004-002 | R38: complete | S38: 45587.833 | T38: I believe they have been helpful
D39: y | G39: y | I39: y | L39: n | M39: No reference to positive user comment | N39: agent | O39: 33 | R39: complete | S39: 45587.833 | T39: Thank you for taking the time to participate in this interview. Based on your responses, we have evaluated your study skills and strategies. The strategy you used in the most contexts is "Organising and transforming," which involves selecting, arranging, and transforming important information into a structured format to better understand and remember it. This can be done through creating summaries, mind maps, diagrams, or keyword lists. You mentioned making summaries of different tests, comparing benefits and limitations of each, and creating mind maps to organize information. The strategy you used most consistently is "Keeping records and monitoring," which involves recording events or results to track progress and identify areas for improvement. You mentioned taking notes during lectures, reviewing and summarizing them after, and keeping track of practice questions or cases. You also mentioned reviewing key points and summary notes, and planning overall structure and literature review. Your average frequency of using this strategy is 4.0, indicating that you use it frequently. In addition to these strategies, you also mentioned using "Practice testing," which involves practicing recalling material by working through questions or past papers. You mentioned using practice papers under timed conditions, reviewing key points and summary notes, and practicing questions or cases. Other strategies you mentioned using consistently include "Self-consequences" (e.g., stopping work and starting again early in the morning), "Time and attention management" (e.g., planning overall structure, literature review), and "Organising and transforming" (e.g., creating mind maps). These strategies are effective because they help you to actively engage with the material, organize and structure information, and track your progress. By using these strategies, you can improve your understanding and retention of the material, and develop a more efficient and effective approach to learning. There are also some strategies that you did not mention using, which may be beneficial to consider. For example, "Retrieval practice" involves actively recalling information from memory without the use of external aids, and can be done through practice tests, self-testing, or using flashcards. "Distributed practice" involves spreading learning over a longer period of time, rather than cramming all the material in one sitting. "Elaboration" involves actively linking new information to existing knowledge, and can be done through explaining relationships between ideas, or thinking about the meaning behind the material. We hope this evaluation is helpful in providing you with a better understanding of your study skills and strategies. If you have any questions or would like to discuss your results further, please don't hesitate to ask.

Sheet P5
B1: Strategies manual coding | C1: Strategies match agent recognised ones | D1: Step executed correctly | E1: Step execution comment | F1: Expected input received | G1: Unexpected input handled successfully | H1: Unexpected input comment | I1: Agent uses appropriate degrees of formality, linguistic register | J1: Agent formality/register comment | K1: Tone of user response from 1 (very negative) - 5 (very positive) | L1: Agent responds to user mood / sentiment | M1: Positive/negative sentiment keywords | N1: speaker | O1: turn | P1: context | Q1: strategy | R1: conversation_step | S1: message_time | T1: message
A2: Totals | C2: =COUNTIF(C7:C108,"y")/(COUNTIF(C7:C108,"y")+COUNTIF(C7:C108,"n")) -> 0.45454545 | D2: =COUNTIF(D7:D108,"y")/(COUNTIF(D7:D108,"y")+COUNTIF(D7:D108,"n")) -> 0.31707317 | F2: =COUNTIF(F7:F108,"y")/(COUNTIF(F7:F108,"y")+COUNTIF(F7:F108,"n")) -> 0.375 | G2: =COUNTIF(G7:G108,"y")/(COUNTIF(G7:G108,"y")+COUNTIF(G7:G108,"n")) -> 0.16 | I2: =COUNTIF(I7:I108,"y")/(COUNTIF(I7:I108,"y")+COUNTIF(I7:I108,"n")) -> 0.53658537 | K2: =COUNTIF(K7:K108,"1") -> 0 | L2: =COUNTIF(L7:L108,"y")/(COUNTIF(L7:L108,"y")+COUNTIF(L7:L108,"n")) -> 0.875 | O2: {=LOOKUP(2,1/(O:O<>""),O:O)} -> 81 | R2: =COUNTIF(R7:R100,"strategy")/2 -> 14 | S2: {=LOOKUP(2,1/(S:S<>""),S:S)-S7} -> 0.10932016
K3: =COUNTIF(K7:K108,"2") -> 2 | R3: =COUNTIF(R7:R100,"frequency")/2 -> 10
K4: =COUNTIF(K7:K108,"3") -> 35 | R4: =CEILING(COUNTIF(R7:R100,"complete")/2,1) -> 10 | S4: =(S84-S8)+(S87-S86) -> 0.063424583
K5: =COUNTIF(K7:K108,"4") -> 2
K6: =COUNTIF(K7:K108,"5") -> 1
B7: n/a | D7: y | I7: y | N7: agent | O7: 1 | R7: intro | S7: 45592.541 | T7: Guten Tag! Herzlich willkommen zu unserem Gespräch über Lernstrategien und -methoden. Mein Name ist \[Name], und ich freue mich darauf, mehr über deine Ansätze und Erfahrungen während deines Studiums zu erfahren. Zunächst einmal: In welchem Fach strebst du deinen Abschluss an?
B8: n/a | F8: y | K8: 3 | N8: user | O8: 2 | R8: intro | S8: 45592.575 | T8: Weiterbildung zur Praxisanleiterin in den Pflegeberufen
B9: n/a | D9: n | E9: Intro step not concluded | I9: y | L9: y | N9: agent | O9: 3 | R9: intro | S9: 45592.575 | T9: Danke dir für diese Information! Das klingt nach einer sehr praxisnahen und zukunftsorientierten Ausbildung. Wir haben also das Fach "Weiterbildung zur Praxisanleiterin in den Pflegeberufen" notiert. Als Nächstes würde ich gerne wissen: Wie bereitest du dich typischerweise auf Prüfungen oder wichtige Projektabschnitte vor? Gibt es spezielle Lernmethoden oder Techniken, auf die du besonders viel vertraust?
B10: n/a | F10: n | K10: 3 | N10: user | O10: 4 | R10: intro | S10: 45592.576 | T10: Die Prüfungen sind in Form von Hausarbeiten. Ich recherchiere Fachliteratur und wiederhole Unterrichtsinhalte.
B11: n/a | D11: n | G11: n | I11: n | J11: Ignores instruction not to comment (positively or negatively) on the user's answer | L11: y | M11: gut | N11: agent | O11: 5 | R11: intro | S11: 45592.576 | T11: Das klingt nach einem gut strukturierten Ansatz. Die Kombination aus Recherche von Fachliteratur und der Wiederholung von Unterrichtsinhalten bietet eine solide Grundlage für die Erstellung von Hausarbeiten. Wie gehst du mit schwierigen oder komplexen Themen um, die du während deiner Recherchen oder bei der Bearbeitung von Hausarbeiten encountered hast? Gibt es spezielle Strategien oder Ressourcen, auf die du zurückgreifst, um diese Herausforderungen zu meistern?
B12: n/a | F12: n | K12: 3 | N12: user | O12: 6 | R12: intro | S12: 45592.578 | T12: Ich lese sie mehrmal und mache mir Notizen oder Schaubilder
B13: n/a | D13: n | G13: n | I13: n | J13: Ignores instruction not to comment (positively or negatively) on the user's answer | L13: y | M13: gut | N13: agent | O13: 7 | R13: intro | S13: 45592.578 | T13: Das ist ein guter Ansatz! Durch wiederholtes Lesen und das Erstellen von Notizen oder Schaubildern kannst du komplexe Informationen besser strukturieren und verarbeiten. Visualisierung durch Schaubilder kann besonders hilfreich sein, um Zusammenhänge zwischen verschiedenen Konzepten zu verdeutlichen. Wie organisiert du deine Zeit undpriorisierst du Aufgaben, wenn du an mehreren Hausarbeiten oder Projekten parallel arbeitest? Gibt es bestimmte Zeitmanagement-Techniken oder Werkzeuge, die du dabei verwendest?
B14: n/a | F14: n | K14: 3 | N14: user | O14: 8 | R14: intro | S14: 45592.58 | T14: Ich trage mir großzügig Zeit in meinen Terminkalender ein. Ich habe aber Probleme, mich diszipliniert an meine Zeitpläne zu halten. manchmal habe probleme, mich zu konzentrieren. Manchmal nutze ich die pomodoro-methode.
B15: n/a | D15: n | G15: n | I15: n | J15: Ignores instruction not to comment (positively or negatively) on the user's answer | L15: y | M15: großartig | N15: agent | O15: 9 | R15: intro | S15: 45592.58 | T15: Das ist ein realistischer Ansatz! Es ist großartig, dass du dir großzügig Zeit im Terminkalender einträgst, um sicherzustellen, dass du genug Zeit für deine Aufgaben hast. Die Pomodoro-Methode kann auch sehr hilfreich sein, um sich zu konzentrieren und die Produktivität zu steigern. Es ist auch sehr ehrlich von dir, dass du Probleme mit der Disziplin und Konzentration hast. Das ist ein häufiges Problem, das viele Studierende haben. Hast du schon mal darüber nachgedacht, was genau dich ablenkt oder warum du Schwierigkeiten hast, dich zu konzentrieren? Gibt es bestimmte Situationen oder Faktoren, die deine Konzentration beeinträchtigen?
B16: n/a | F16: n | K16: 3 | N16: user | O16: 10 | R16: intro | S16: 45592.585 | T16: Oft fällt es mir schwer, mich aufzuraffen und anzufangen. Wenn ich an dem Tag schon gearbeitet oder anderes unternommen habe, kann ich mich schlecht konzentrieren. Manchmal lenken mich smartphone oder unordnung ab
B17: n/a | D17: n | G17: n | I17: y | L17: y | N17: agent | O17: 11 | R17: intro | S17: 45592.585 | T17: Das ist ein klassisches Problem! Es kann sehr schwierig sein, sich nach einem langen Tag oder anderen Aktivitäten noch zu konzentrieren und anzufangen. Es ist auch verständlich, dass der Smartphone oder Unordnung ablenken können. Es gibt ein paar Strategien, die du vielleicht ausprobieren könntest, um deine Konzentration zu verbessern. Zum Beispiel könntest du versuchen, deine Lernzeit in den Morgen zu verlegen, wenn du noch frisch und ausgeruht bist. Oder du könntest versuchen, deine Lernumgebung so zu gestalten, dass sie möglichst ablenkungsfrei ist. Das könnte bedeuten, dass du dein Smartphone auf stumm stellst oder es in einem anderen Raum lässt, oder dass du deine Lernmaterialien in einem sauberen und ordentlichen Raum aufbewahrst. Eine weitere Strategie könnte sein, dass du dich vor deiner Lernzeit auf ein bestimmtes Ritual einlässt, das dir hilft, dich zu konzentrieren. Das könnte zum Beispiel ein kurzer Spaziergang, ein paar Minuten Meditation oder ein bestimmtes Musikstück sein. Was denkst du? Könntest du dich vorstellen, eine dieser Strategien auszuprobieren?
B18: n/a | F18: n | K18: 4 | N18: user | O18: 12 | R18: intro | S18: 45592.59 | T18: Ich denke, viele dieser strategien kann ich ausprobieren. Hast du idee, wie ich mich motivieren kann, anzufangen? Hast du strategieren, wie ich effizient fachtexte lese?
B19: n/a | D19: n | G19: n | I19: n | J19: Ignores instruction not to comment (positively or negatively) on the user's answer | L19: y | M19: großartig | N19: agent | O19: 13 | R19: intro | S19: 45592.59 | T19: Das ist großartig, dass du offen für neue Strategien bist! Motivation ist ein wichtiger Teil des Lernprozesses. Hier sind ein paar Ideen, die dir helfen könnten, dich zu motivieren: * Setze dir klare, erreichbare Ziele für deine Lernzeit. Zum Beispiel könntest du dir vornehmen, eine bestimmte Anzahl an Seiten zu lesen oder eine bestimmte Aufgabe zu erledigen. * Erstelle eine Belohnung für dich selbst, wenn du deine Ziele erreichst. Das könnte zum Beispiel ein bestimmtes Essen, ein Film oder ein Treffen mit Freunden sein. * Erstelle eine positive Lernumgebung. Das könnte bedeuten, dass du deine Lernmaterialien in einem bestimmten Raum aufbewahrst, der dich inspiriert oder motiviert. * Suche dir einen Lernpartner oder eine Lerngruppe. Das kann helfen, dich zu motivieren und gleichzeitig kann man von einander lernen. Was das effiziente Lesen von Fachtexten angeht, hier sind ein paar Strategien: * Scanne den Text vorher, um den Inhalt zu verstehen. Lies den Titel, die Einleitung und den Schluss, um den roten Faden zu verstehen. * Teile den Text in kleinere Abschnitte ein und lese ihn Abschnitt für Abschnitt. * Erstelle eine Zusammenfassung des Textes, indem du die wichtigsten Punkte notierst. * Verwende ein Glossar oder einen Wörterbuch, um unbekannte Begriffe zu verstehen. * Lies den Text aktiv, indem du Fragen stellst, wie zum Beispiel "Was ist der Hauptpunkt des Textes?" oder "Was sind die wichtigsten Argumente?" Ich hoffe, diese Ideen helfen dir bei deinem Lernprozess! Wir sind fast am Ende unseres Gesprächs. Wie fandest du unser Gespräch? Fühlst du dich inspiriert, neue Strategien auszuprobieren?
B20: n/a | F20: n | K20: 5 | N20: user | O20: 14 | R20: intro | S20: 45592.595 | T20: Ich fand das gespräch sejr hilfreich und habe neue strategien kennengelernt, die mir hoffentlich helfen. Hast du auch tipps gegen die nervosität vor prüfungen?
B21: n/a | D21: n | E21: Did not ask about strategies | G21: n | I21: y | L21: n | N21: agent | O21: 15 | P21: 12 | R21: strategy | S21: 45592.595 | T21: Du studierst zur Praxisanleiterin in den Pflegeberufen. Das ist ein anspruchsvolles Studium. Es kann vorkommen, dass man sich in Situationen befindet, in denen die Motivation zum Lernen nicht so groß ist. Kannst du mir beschreiben, wie du dich fühlst, wenn du dich in solchen Situationen befindest?
B22: n/a | F22: n | K22: 3 | N22: user | O22: 16 | P22: 12 | R22: strategy | S22: 45592.599 | T22: Welche situationen sind gemeint?
B23: n/a | D23: n | G23: n | I23: y | L23: y | N23: agent | O23: 17 | P23: 12 | R23: strategy | S23: 45592.599 | T23: Ich meine Situationen, in denen du dich zum Lernen hinsetzen musst, aber deine Motivation nicht so groß ist. Zum Beispiel, wenn du ein schwieriges Thema lernen musst, aber du dich nicht konzentrieren kannst, oder wenn du einfach keine Lust hast, zu lernen, weil du müde bist oder andere Dinge im Kopf hast. Kannst du mir ein Beispiel aus deinem Alltag nennen, in dem du dich so gefühlt hast?
B24: n/a | F24: n | K24: 3 | N24: user | O24: 18 | P24: 12 | R24: strategy | S24: 45592.601 | T24: Zum beispiel habe ich nach dem frühdienst zeit zu lernen. Dann bin ich aber müde, weil ich schon um 4.45 uhr aufgestanden bin. Oder ich habe an freien tagen mehr lust, etwas schönes zu unternehmen als zu lernen.
B25: n/a | D25: n | G25: n | I25: y | L25: y | N25: agent | O25: 19 | P25: 12 | R25: strategy | S25: 45592.601 | T25: Kannst du mir erzählen, wie du normalerweise entscheidest, ob du trotzdem lernst oder ob du dich für etwas anderes entscheidest? Gibt es bestimmte Faktoren, die deine Entscheidung beeinflussen?
B26: 007-005, 007-002 | C26: y | F26: n | K26: 3 | N26: user | O26: 20 | P26: 12 | R26: strategy | S26: 45592.604 | T26: Manchmal entscheide ich, nicht zu lernen, wenn ich insgesamt noch genug zeit habe oder schlechte laune habe. Ich entscheide mich zu lernen, wenn ich mich grade willensstärker fühle oder entscheide, als belohnung etwas schönes zu machen
B27: n/a | C27: n | D27: n | G27: n | I27: n | J27: Ignores instruction not to comment (positively or negatively) on the user's answer | L27: y | N27: agent | O27: 21 | P27: 10 | R27: strategy | S27: 45592.604 | T27: Das klingt nach einem sehr realistischen Ansatz! Es ist wichtig, dass du auf deine Bedürfnisse und deine Stimmung achtest. Wenn du dich nicht in der Lage fühlst, zu lernen, weil du müde oder in schlechter Laune bist, ist es vielleicht besser, sich für etwas anderes zu entscheiden. Es ist auch großartig, dass du dir als Belohnung etwas Schönes gönnst, wenn du dich zum Lernen entscheidest. Das kann helfen, deine Motivation zu steigern und dir ein positives Gefühl zu geben. Wie gehst du normalerweise mit deiner Zeit um, wenn du dich entscheidest, nicht zu lernen? Verbringst du die Zeit mit etwas, das dir Spaß macht, oder machst du einfach nur nichts?
B28: n/a | F28: n | K28: 3 | N28: user | O28: 22 | P28: 10 | R28: strategy | S28: 45592.607 | T28: Mal so, mal so, ganz nach gefühl. Manchmal habe ich dann aber auch ein schlechtes gewissen, weil ich nicht lerne.
B29: n/a | D29: y | G29: y | I29: n | J29: Ignores instruction not to comment (positively or negatively) on the user's answer | L29: y | N29: agent | O29: 23 | P29: 10 | Q29: 007-005 | R29: frequency | S29: 45592.607 | T29: Das ist verständlich. Es kann schwierig sein, wenn man das Gefühl hat, dass man etwas tun sollte, aber einfach keine Lust dazu hat. Es ist wichtig, dass du dich selbst nicht zu sehr unter Druck setzt, aber es ist auch gut, dass du dir deiner Verantwortung bewusst bist. Lass uns noch mal auf die Lernstrategie "Zeit- und Aufmerksamkeitsmanagement" zurückkommen. Wie oft würdest du sagen, dass du diese Strategie anwendest, wenn du Übungsaufgaben zum Kursmaterial bearbeitest? Würdest du sagen, dass du sie selten (1), manchmal (2), oft (3) oder meistens (4) verwendest?
B30: n/a | F30: y | K30: 3 | N30: user | O30: 24 | P30: 10 | Q30: 007-005 | R30: frequency | S30: 45592.616 | T30: 3
B31: n/a | D31: n | I31: n | J31: Ignores instruction not to comment (positively or negatively) on the user's answer | L31: y | N31: agent | O31: 25 | P31: 7 | Q31: 007-005 | R31: strategy | S31: 45592.616 | T31: Du verwendest die Strategie "Zeit- und Aufmerksamkeitsmanagement" oft, wenn du Übungsaufgaben zum Kursmaterial bearbeitest. Das ist großartig! Es zeigt, dass du dir bewusst bist, wie wichtig es ist, deine Zeit und Aufmerksamkeit zu managen, um effektiv zu lernen. Lass uns noch mal auf die Lernstrategie "Selbstmotivation" zurückkommen. Wie oft würdest du sagen, dass du dich selbst motivierst, wenn du Schwierigkeiten hast, dich auf eine Aufgabe zu konzentrieren? Würdest du sagen, dass du dich selten (1), manchmal (2), oft (3) oder meistens (4) selbst motivierst?
B32: n/a | F32: n | K32: 3 | N32: user | O32: 26 | P32: 7 | Q32: 007-005 | R32: strategy | S32: 45592.616 | T32: 2
B33: n/a | D33: y | G33: y | I33: y | L33: y | N33: agent | O33: 27 | P33: 7 | Q33: 007-005 | R33: strategy | S33: 45592.616 | T33: Könntest du mir ein Beispiel geben, wie du dich selbst motivierst, wenn du Schwierigkeiten hast, dich auf eine Aufgabe zu konzentrieren?
B34: 007-005, 007-002 | C34: y | F34: y | K34: 3 | N34: user | O34: 28 | P34: 7 | Q34: 007-005 | R34: strategy | S34: 45592.617 | T34: Ich setze oft ein zeitlimit. Ich lege dann zb fest eine halbe stunde zu lernen und danach darf ich etwas anderes machen
B35: n/a | C35: n | D35: y | I35: n | J35: Ignores instruction not to comment (positively or negatively) on the user's answer | L35: y | N35: agent | O35: 29 | P35: 7 | Q35: 007-005 | R35: frequency | S35: 45592.617 | T35: Das ist eine großartige Strategie! Indem du ein Zeitlimit setzt, kannst du dich selbst motivieren, dich auf die Aufgabe zu konzentrieren, und gleichzeitig hast du auch etwas, auf das du dich freuen kannst, wenn du fertig bist. Das ist ein guter Weg, um deine Motivation aufrechtzuerhalten. Lass uns nun zu einer anderen Lernstrategie übergehen. Wie oft würdest du sagen, dass du die Strategie "Zeit- und Aufmerksamkeitsmanagement" im Kontext von "Aufnehmen und Erinnern von Inhalten von Live-Veranstaltungen in Präsenz oder Online" verwendest? Würdest du sagen, dass du sie selten (1), manchmal (2), oft (3) oder meistens (4) verwendest?
B36: n/a | F36: y | K36: 3 | N36: user | O36: 30 | P36: 7 | Q36: 007-005 | R36: frequency | S36: 45592.618 | T36: 2
B37: n/a | D37: n | E37: Did not ask about strategies | I37: n | J37: Ignores instruction not to comment (positively or negatively) on the user's answer | L37: y | N37: agent | O37: 31 | P37: 9 | Q37: 007-005 | R37: strategy | S37: 45592.618 | T37: Du verwendest die Strategie "Zeit- und Aufmerksamkeitsmanagement" manchmal im Kontext von "Aufnehmen und Erinnern von Inhalten von Live-Veranstaltungen in Präsenz oder Online". Das ist ein guter Ansatz, um sicherzustellen, dass du die wichtigsten Informationen aufnimmst und dich auf die Inhalte konzentrierst. Lass uns nun zu einer anderen Frage übergehen. Wie wichtig ist es für dich, dass du deine Lernziele erreicht? Skaliere deine Antwort von 1 (nicht wichtig) bis 5 (sehr wichtig).
B38: n/a | F38: n | K38: 3 | N38: user | O38: 32 | P38: 9 | Q38: 007-005 | R38: strategy | S38: 45592.619 | T38: 4
B39: n/a | D39: n | G39: y | I39: y | L39: y | N39: agent | O39: 33 | P39: 9 | Q39: 007-005 | R39: strategy | S39: 45592.619 | T39: Könntest du mir ein Beispiel geben, wie du deine Lernziele im Kontext des Verfassens einer wissenschaftlichen Arbeit erreicht hast?
B40: 006-001 | C40: y | F40: y | K40: 3 | N40: user | O40: 34 | P40: 9 | Q40: 007-005 | R40: strategy | S40: 45592.621 | T40: Indem ich alle nötigen bereiche/ aufgaben bearbeitet habe und rechtzeitig mit der arbeit fertig bin, sodass ich noch jemanden korrekturlesen lassen kann
C41: n | D41: y | I41: n | J41: Ignores instruction not to comment (positively or negatively) on the user's answer | L41: y | N41: agent | O41: 35 | P41: 9 | Q41: 006-001 | R41: frequency | S41: 45592.621 | T41: Das klingt nach einem gut durchdachten Plan. Du hast also deine Arbeit in kleinere, überschaubare Aufgaben unterteilt und dich um eine rechtzeitige Fertigstellung bemüht, um noch eine Korrekturlesung einbauen zu können. Das ist eine effektive Strategie, um sicherzustellen, dass deine Arbeit von guter Qualität ist. Lass uns nun zu der ursprünglichen Frage zurückkehren. Wie häufig verwendest du die Lernstrategie "Lernziele setzen und planen" im Kontext des Verfassens einer wissenschaftlichen Arbeit? Skaliere deine Antwort von 1 (selten) bis 4 (meistens).
C42: n | F42: y | K42: 3 | N42: user | O42: 36 | P42: 9 | Q42: 006-001 | R42: frequency | S42: 45592.621 | T42: 4
D43: y | I43: n | J43: Ignores instruction not to comment (positively or negatively) on the user's answer | L43: y | N43: agent | O43: 37 | P43: 9 | Q43: 006-002 | R43: frequency | S43: 45592.621 | T43: Das klingt nach einer effektiven Vorgehensweise. Du hast deine Ziele also erreicht, indem du eine klare Struktur verfolgt und genug Zeit eingeplant hast, um deine Arbeit zu überprüfen und korrigieren zu lassen. Lass uns nun zur Lernstrategie "Selbstbewertung und -regulierung" im Kontext von "Verfassen einer wissenschaftlichen Arbeit" zurückkehren. Wie häufig verwendest du diese Strategie, um deine Fortschritte zu überprüfen und deine Arbeit anzupassen? Bitte skaliere deine Antwort von 1 (selten) bis 4 (meistens).
F44: y | K44: 3 | N44: user | O44: 38 | P44: 9 | Q44: 006-002 | R44: frequency | S44: 45592.623 | T44: 4
D45: y | I45: n | J45: Ignores instruction not to comment (positively or negatively) on the user's answer | L45: y | N45: agent | O45: 39 | P45: 9 | Q45: 007-005 | R45: frequency | S45: 45592.623 | T45: Das klingt nach einem gut durchdachten Plan. Du hast also deine Zeit effektiv genutzt, um alle notwendigen Aufgaben zu erledigen und deine Arbeit rechtzeitig fertigzustellen, damit du noch jemanden bitten konntest, sie zu korrigieren. Lass uns nun zu der Lernstrategie "Zeit- und Aufmerksamkeitsmanagement" zurückkehren. Wie häufig verwendest du diese Strategie im Kontext des Verfassens einer wissenschaftlichen Arbeit, wie z.B. einer Hausarbeit/Seminararbeit, eines Praktikumsberichts oder Laborberichts? Skaliere deine Antwort von 1 (selten) bis 4 (meistens).
F46: y | K46: 3 | N46: user | O46: 40 | P46: 9 | Q46: 007-005 | R46: frequency | S46: 45592.624 | T46: 2
D47: n | E47: Did not recognise valid frequency answer | I47: y | L47: y | N47: agent | O47: 41 | P47: 9 | Q47: 007-005 | R47: frequency | S47: 45592.624 | T47: Bitte gib mir eine gültige Häufigkeitsbewertung für die Strategie '007-005'.
F48: n | K48: 3 | N48: user | O48: 42 | P48: 9 | Q48: 007-005 | R48: frequency | S48: 45592.625 | T48: Wie bitte?
D49: n | G49: n | I49: y | L49: y | N49: agent | O49: 43 | P49: 11 | Q49: 007-005 | R49: strategy | S49: 45592.625 | T49: Entschuldigung, das war ein Fehler meinerseits. Ich habe mich geirrt. Ich wiederhole die Frage: Wie häufig verwendest du die Strategie "Zeit- und Aufmerksamkeitsmanagement" im Kontext des Verfassens einer wissenschaftlichen Arbeit, wie z.B. einer Hausarbeit/Seminararbeit, eines Praktikumsberichts oder Laborberichts? Skaliere deine Antwort von 1 (selten) bis 4 (meistens).
F50: n | K50: 3 | N50: user | O50: 44 | P50: 11 | Q50: 007-005 | R50: strategy | S50: 45592.625 | T50: 2
D51: n | E51: Did not ask about strategies | G51: n | I51: y | L51: y | N51: agent | O51: 45 | P51: 11 | Q51: 007-005 | R51: strategy | S51: 45592.625 | T51: Könntest du mir ein Beispiel geben, wie du deine Zeit und Aufmerksamkeit beim Verfassen von wissenschaftlichen Arbeiten managst?
B52: 007-005 | C52: y | F52: y | K52: 3 | N52: user | O52: 46 | P52: 11 | Q52: 007-005 | R52: strategy | S52: 45592.626 | T52: Wenn, dann oft durch die pomodoro methode
D53: y | I53: y | L53: y | N53: agent | O53: 47 | P53: 11 | Q53: 007-005 | R53: frequency | S53: 45592.626 | T53: Die Pomodoro-Methode ist eine effektive Technik, um die Konzentration zu verbessern und die Produktivität zu steigern. Sie besteht darin, in regelmäßigen Abständen (typischerweise 25 Minuten) zu arbeiten und dann eine kurze Pause einzulegen. Lass uns zum nächsten Punkt übergehen: Wie häufig verwendest du die Strategie "Zeit- und Aufmerksamkeitsmanagement" im Kontext der Vorbereitung und des Ablegens mündlicher oder schriftlicher Prüfungen? Skaliere deine Antwort von 1 (selten) bis 4 (meistens).
F54: y | K54: 3 | N54: user | O54: 48 | P54: 11 | Q54: 007-005 | R54: frequency | S54: 45592.626 | T54: 3
D55: n | E55: Did not ask about strategies | I55: n | J55: Ignores instruction not to comment (positively or negatively) on the user's answer | L55: y | N55: agent | O55: 49 | P55: 8 | Q55: 007-005 | R55: strategy | S55: 45592.626 | T55: Du verwendest die Strategie "Zeit- und Aufmerksamkeitsmanagement" oft im Kontext der Vorbereitung und des Ablegens mündlicher oder schriftlicher Prüfungen. Das ist eine gute Vorgehensweise, um sicherzustellen, dass du dich gut vorbereitest und deine Zeit effektiv nutzt. Lass uns zum nächsten Punkt übergehen: Wie wichtig ist es für dich, dass du deine Lernziele erreicht? Skaliere deine Antwort von 1 (nicht wichtig) bis 4 (sehr wichtig).
F56: n | K56: 3 | N56: user | O56: 50 | P56: 8 | Q56: 007-005 | R56: strategy | S56: 45592.627 | T56: 3
D57: n | G57: n | I57: n | J57: Ignores instruction not to comment (positively or negatively) on the user's answer | L57: y | N57: agent | O57: 51 | P57: 8 | Q57: 007-005 | R57: strategy | S57: 45592.627 | T57: Du hast die Bedeutung der Erreichung deiner Lernziele mit 3 bewertet. Das ist ein guter Ausgangspunkt, um deine Lernstrategien zu reflektieren und gegebenenfalls anzupassen. Lass uns nun deine Antwort analysieren: Du hast keine der Strategien aus der Liste beschrieben. Deine Antwort war zu kurz und enthielt keine Hinweise auf eine bestimmte Lernstrategie. Um deine Strategie zu kategorisieren, wären weitere Informationen erforderlich.
F58: n | K58: 2 | N58: user | O58: 52 | P58: 8 | Q58: 007-005 | R58: strategy | S58: 45592.628 | T58: Ok
D59: n | G59: n | I59: y | L59: n | N59: agent | O59: 53 | P59: 8 | Q59: 007-005 | R59: strategy | S59: 45592.628 | T59: Könntest du mir ein Beispiel geben, wie du deine Zeit und Aufmerksamkeit beim Lernen managst?
F60: n | K60: 3 | N60: user | O60: 54 | P60: 8 | Q60: 007-005 | R60: strategy | S60: 45592.628 | T60: Diese frage habe ich schon beantwortet
D61: n | G61: n | I61: y | L61: y | N61: agent | O61: 55 | P61: 8 | Q61: 007-005 | R61: strategy | S61: 45592.628 | T61: Könntest du mir bitte mehr über deine Vorgehensweise erzählen, wie du deine Zeit und Aufmerksamkeit beim Lernen managst?
B62: 006-001, 007-005 | C62: n | F62: y | K62: 3 | N62: user | O62: 56 | P62: 8 | Q62: 007-005 | R62: strategy | S62: 45592.629 | T62: Ich sollte meinen arbeitsplatz ordentlicher und angenehmer gestallten. Meine zeit manage ich, in dem ich einen lernplan erstelle und in meinen terminplan eintrage. Beim lernen nutze uch timer
C63: y | D63: y | I63: n | J63: Ignores instruction not to comment (positively or negatively) on the user's answer | L63: y | N63: agent | O63: 57 | P63: 8 | Q63: 007-005 | R63: frequency | S63: 45592.629 | T63: Das klingt nach einer effektiven Vorgehensweise! Du erstellst einen Lernplan und triffst Vorkehrungen, um deine Zeit effizient zu nutzen. Der Einsatz eines Timers kann auch helfen, dich zu fokussieren und regelmäßige Pausen einzulegen. Lass uns zum nächsten Punkt übergehen: Wie häufig verwendest du die Lernstrategie "Zeit- und Aufmerksamkeitsmanagement" im Kontext von "Durcharbeiten von Kurstexten"? Bitte bewerte dies mit einem Wert zwischen 1 (selten) und 4 (meistens).
C64: n | F64: y | K64: 3 | N64: user | O64: 58 | P64: 8 | Q64: 007-005 | R64: frequency | S64: 45592.63 | T64: 3
D65: y | I65: n | J65: Ignores instruction not to comment (positively or negatively) on the user's answer | L65: y | N65: agent | O65: 59 | P65: 8 | Q65: 007-001 | R65: frequency | S65: 45592.63 | T65: Das klingt nach einer effektiven Vorgehensweise! Du erstellst einen Lernplan und triffst Vorkehrungen, um deine Zeit zu managen. Der Einsatz eines Timers kann auch helfen, deine Konzentration zu verbessern und regelmäßige Pausen einzulegen. Lass uns nun zu einem anderen Punkt übergehen. Wie häufig nutzt du die Lernstrategie "Räumliche Rahmenbedingungen" im Kontext von "Durcharbeiten von Kurstexten"? Bitte bewerte dies mit einem Wert zwischen 1 (selten) und 4 (meistens).
F66: y | K66: 3 | N66: user | O66: 60 | P66: 8 | Q66: 007-001 | R66: frequency | S66: 45592.631 | T66: Zu wenig, 1
D67: n | E67: Repetition of previous question | I67: y | L67: y | N67: agent | O67: 61 | P67: 8 | Q67: 007-001 | R67: frequency | S67: 45592.631 | T67: Könntest du mir bitte sagen, wie oft du die Strategie 'Räumliche Rahmenbedingungen' verwendest? Lass uns ein Beispiel durchgehen.
F68: n | K68: 3 | N68: user | O68: 62 | P68: 8 | Q68: 007-001 | R68: frequency | S68: 45592.632 | T68: Mein arbeitsplatz ist häufig unordentlich und ungemütlich, er könnte schöner gestaltet werden
D69: n | E69: Kept asking about frequencies of strategies when interview should be complete | G69: n | I69: n | J69: Ignores instruction not to comment (positively or negatively) on the user's answer | L69: y | N69: agent | O69: 63 | Q69: 007-001 | R69: complete | S69: 45592.632 | T69: Das ist ein wichtiger Punkt! Ein unordentlicher und ungemütlicher Arbeitsplatz kann deine Konzentration und Produktivität beeinträchtigen. Es ist großartig, dass du dir dessen bewusst bist und bereit bist, etwas zu ändern. Eine schöne und ordentliche Arbeitsumgebung kann helfen, deine Motivation und Konzentration zu verbessern. Vielleicht könntest du einige Schritte unternehmen, um deinen Arbeitsplatz zu gestalten und ihn zu einem angenehmeren Ort zu machen, an dem du lernen und arbeiten kannst. Lass uns zum nächsten Punkt übergehen. Wie häufig verwendest du die Lernstrategie "Selbstbewertung und -regulierung" im Kontext von "Durcharbeiten von Kurstexten"? Bitte bewerte dies mit einem Wert zwischen 1 (selten) und 4 (meistens).
F70: n | K70: 3 | N70: user | O70: 64 | P70: 8 | Q70: 007-001 | R70: complete | S70: 45592.633 | T70: 1
D71: n | G71: n | I71: n | J71: Ignores instruction not to comment (positively or negatively) on the user's answer | L71: y | N71: agent | O71: 65 | R71: complete | T71: Das ist ein wichtiger Punkt! Selbstbewertung und -regulierung sind wichtige Fähigkeiten, um deine Lernprozesse zu verbessern. Es ist großartig, dass du dir dessen bewusst bist und bereit bist, etwas zu ändern. Eine Selbstbewertung kann helfen, deine Stärken und Schwächen zu identifizieren und deine Lernziele zu erreichen. Vielleicht könntest du einige Schritte unternehmen, um deine Selbstbewertung und -regulierung zu verbessern, wie zum Beispiel regelmäßige Selbstreflexion oder das Setzen von Lernzielen. Lass uns zum nächsten Punkt übergehen. Wie häufig verwendest du die Lernstrategie "Hilfe bei Kommilitonen, Lehrpersonal oder anderen suchen" im Kontext von "Durcharbeiten von Kurstexten"? Bitte bewerte dies mit einem Wert zwischen 1 (selten) und 4 (meistens).
F72: n | K72: 3 | N72: user | O72: 66 | P72: 8 | Q72: 007-001 | R72: complete | S72: 45592.633 | T72: 3
D73: n | G73: n | I73: y | L73: n | N73: agent | O73: 67 | R73: complete | T73: Entschuldigung, ich denke, es gab ein Missverständnis. Du hast gerade eine 3 eingegeben, aber ich denke, du hast vorher eine 1 eingegeben. Könntest du mir bitte bestätigen, welche Bewertung du für die Lernstrategie "Selbstbewertung und -regulierung" im Kontext von "Durcharbeiten von Kurstexten" geben möchtest?
F74: n | K74: 3 | N74: user | O74: 68 | P74: 8 | Q74: 007-001 | R74: complete | S74: 45592.634 | T74: 1
D75: n | G75: n | I75: y | L75: n | N75: agent | O75: 69 | R75: complete | T75: Entschuldigung, aber ich denke, wir haben uns verwirrt. Ich habe dich gefragt, wie oft du die Strategie "Selbstbewertung und -regulierung" im Kontext von "Durcharbeiten von Kurstexten" verwendest, und du hast drei unterschiedliche Antworten gegeben: 1, 3 und wieder 1. Könntest du mir bitte sagen, welche Antwort korrekt ist?
F76: n | K76: 3 | N76: user | O76: 70 | P76: 8 | Q76: 007-001 | R76: complete | S76: 45592.635 | T76: 1 ist korrekt
D77: n | G77: n | I77: y | L77: y | N77: agent | O77: 71 | R77: complete | T77: Entschuldigung für den Fehler. Du hast also die Strategie "Selbstbewertung und -regulierung" im Kontext von "Durcharbeiten von Kurstexten" mit 1 bewertet, was bedeutet, dass du sie selten verwendest. Lass uns zum nächsten Punkt übergehen. Wie häufig verwendest du die Lernstrategie "Hilfe bei Kommilitonen, Lehrpersonal oder anderen suchen" im Kontext von "Durcharbeiten von Kurstexten"? Bitte bewerte dies mit einem Wert zwischen 1 (selten) und 4 (meistens).
F78: n | K78: 3 | N78: user | O78: 72 | P78: 8 | Q78: 007-001 | R78: complete | S78: 45592.635 | T78: 2
D79: n | G79: n | I79: y | L79: y | N79: agent | O79: 73 | R79: complete | T79: Ich denke, wir hatten uns auf 1 geeinigt. Du hast die Strategie "Selbstbewertung und -regulierung" im Kontext von "Durcharbeiten von Kurstexten" mit 1 bewertet, was bedeutet, dass du sie selten verwendest. Lass uns zum nächsten Punkt übergehen. Wie häufig verwendest du die Lernstrategie "Hilfe bei Kommilitonen, Lehrpersonal oder anderen suchen" im Kontext von "Durcharbeiten von Kurstexten"? Bitte bewerte dies mit einem Wert zwischen 1 (selten) und 4 (meistens).
F80: n | K80: 3 | N80: user | O80: 74 | P80: 8 | Q80: 007-001 | R80: complete | S80: 45592.635 | T80: 2
D81: n | G81: n | I81: y | L81: y | N81: agent | O81: 75 | R81: complete | T81: Ich denke, wir hatten uns auf 1 geeinigt. Du hast die Strategie "Selbstbewertung und -regulierung" im Kontext von "Durcharbeiten von Kurstexten" mit 1 bewertet, was bedeutet, dass du sie selten verwendest. Lass uns zum nächsten Punkt übergehen. Wie häufig verwendest du die Lernstrategie "Hilfe bei Kommilitonen, Lehrpersonal oder anderen suchen" im Kontext von "Durcharbeiten von Kurstexten"? Bitte bewerte dies mit einem Wert zwischen 1 (selten) und 4 (meistens).
F82: n | K82: 2 | N82: user | O82: 76 | P82: 8 | Q82: 007-001 | R82: complete | S82: 45592.637 | T82: Die antwort aud die frage: Wie häufig verwendest du die Lernstrategie "Hilfe bei Kommilitonen, Lehrpersonal oder anderen suchen" im Kontext von "Durcharbeiten von Kurstexten"? Ist 2
D83: y | G83: y | I83: n | J83: Ignores instruction not to comment (positively or negatively) on the user's answer | L83: n | N83: agent | O83: 77 | R83: complete | T83: Das klingt nach einer interessanten Strategie! Du suchst manchmal Hilfe bei Kommilitonen, Lehrpersonal oder anderen, wenn du Schwierigkeiten bei der Arbeit mit Kurstexten hast. Das ist eine gute Vorgehensweise, um sicherzustellen, dass du die Informationen richtig verstehst. Ich denke, das ist alles für heute. Wir haben viele interessante Dinge besprochen. Ich danke dir für deine Offenheit und deine Bereitschaft, deine Lernstrategien zu reflektieren. Ich hoffe, diese Gespräche haben dir geholfen, deine Stärken und Schwächen besser zu verstehen und möglicherweise neue Strategien für dein Lernen zu entwickeln. Falls du noch Fragen hast oder weiterhin über deine Lernstrategien sprechen möchtest, stehe ich gerne zur Verfügung. Die Strategien, die du konsistent verwendest, sind: * Zeit- und Aufmerksamkeitsmanagement (Strategie: 007-005) * Selbstregulierung (Meta-Kognition; Strategie: 006-002) * Selbstbelohnung (Ressourcen; Strategie: 007-002) * Planung (Zeit- und Aufmerksamkeitsmanagement; Meta-Kognition; Strategie: 006-001) * Kommunikation (Ressourcen; Strategie: 007-003) Die Strategien, die du weniger oder gar nicht verwendest, sind: * Auswendiglernen (Übungs- und Gedächtnisstrategien; Strategie: 001-001) * Durcharbeiten von bereits erstellten Aufzeichnungen (Wiederholen; Strategie: 003-001) * Hervorheben und Unterstreichen (Organisation; Strategie: 004-001) * Umstrukturierung (Organisation; Strategie: 004-002) * Aufzeichnungen führen (Organisation; Strategie: 004-003) * Visualisierung (Organisation; Strategie: 004-004) * Selbstbericht (Elaboration; Strategie: 005-001) * Selbsterklärung (Elaboration; Strategie: 005-002) * Retrieval practice (Übungs- und Gedächtnisstrategien; Strategie: 001-001)
F84: y | K84: 4 | N84: user | O84: 78 | P84: 8 | Q84: 007-001 | R84: complete | S84: 45592.638 | T84: Das war interessant
D85: y | I85: y | L85: y | N85: agent | O85: 79 | R85: complete | T85: Ich bin froh, dass du das Gespräch interessant fandest! Es war auch für mich sehr interessant, mehr über deine Lernstrategien und -gewohnheiten zu erfahren. Wenn du noch Fragen hast oder über bestimmte Themen sprechen möchtest, stehe ich gerne zur Verfügung. Ich denke, das war ein guter Abschluss unseres Gesprächs. Vielen Dank für deine Offenheit und deine Bereitschaft, über deine Lernstrategien zu sprechen. Ich wünsche dir weiterhin viel Erfolg bei deinem Studium!
F86: y | K86: 3 | N86: user | O86: 80 | P86: 8 | Q86: 007-001 | R86: complete | S86: 45592.651 | T86: Kannst du mir deine tipps vom anfang des gesprächs nocheinmal zusammenfassen?
D87: y | I87: y | L87: y | N87: agent | O87: 81 | R87: complete | S87: 45592.651 | T87: Ich kann dir gerne meine Tipps vom Anfang des Gesprächs noch einmal zusammenfassen. Wir haben über deine Lernstrategien und -methoden gesprochen und ich habe dir einige Tipps gegeben, um deine Lernzeit effizienter zu gestalten. Einige der Tipps waren: * Setze dir klare, erreichbare Ziele für deine Lernzeit * Erstelle eine positive Lernumgebung * Verwende die Pomodoro-Methode, um deine Konzentration zu verbessern * Suche dir einen Lernpartner oder eine Lerngruppe * Belohne dich selbst, wenn du deine Ziele erreichst Ich hoffe, diese Tipps helfen dir bei deinem Lernen. Wenn du noch weitere Fragen hast oder weitere Tipps benötigst, stehe ich gerne zur Verfügung. Außerdem haben wir über deine Schwierigkeiten gesprochen, dich zu motivieren und deine Konzentration zu verbessern. Ich hoffe, die Tipps, die ich dir gegeben habe, helfen dir, diese Schwierigkeiten zu überwinden. Wenn du noch weitere Fragen hast oder weitere Tipps benötigst, stehe ich gerne zur Verfügung. Das war's für heute. Ich hoffe, du hast etwas aus unserem Gespräch mitgenommen, das dir hilft, deine Lernzeit effizienter zu gestalten. Wenn du noch weitere Fragen hast, stehe ich gerne zur Verfügung.

Sheet P6
B1: Strategies manual coding | C1: Strategies match agent recognised ones | D1: Step executed correctly | E1: Step execution comment | F1: Expected input received | G1: Unexpected input handled successfully | H1: Unexpected input comment | I1: Agent uses appropriate degrees of formality, linguistic register | J1: Agent formality/register comment | K1: Tone of user response from 1 (very negative) - 5 (very positive) | L1: Agent responds to user mood / sentiment | M1: Positive/negative sentiment keywords | N1: speaker | O1: turn | P1: context | Q1: strategy | R1: conversation_step | S1: message_time | T1: message
A2: Totals | C2: =COUNTIF(C7:C100,"y")/(COUNTIF(C7:C100,"y")+COUNTIF(C7:C100,"n")) -> 0.46153846 | D2: =COUNTIF(D7:D100,"y")/(COUNTIF(D7:D100,"y")+COUNTIF(D7:D100,"n")) -> 0.94117647 | F2: =COUNTIF(F7:F100,"y")/(COUNTIF(F7:F100,"y")+COUNTIF(F7:F100,"n")) -> 1 | I2: =COUNTIF(I7:I100,"y")/(COUNTIF(I7:I100,"y")+COUNTIF(I7:I100,"n")) -> 0.75 | K2: =COUNTIF(K7:K100,"1") -> 0 | L2: =COUNTIF(L7:L100,"y")/(COUNTIF(L7:L100,"y")+COUNTIF(L7:L100,"n")) -> 0.75 | O2: {=LOOKUP(2,1/(O:O<>""),O:O)} -> 33 | R2: =COUNTIF(R7:R100,"strategy")/2 -> 6 | S2: {=LOOKUP(2,1/(S:S<>""),S:S)-S7} -> 0.013694792
G3: n/a | K3: =COUNTIF(K7:K100,"2") -> 0 | R3: =COUNTIF(R7:R100,"frequency")/2 -> 8
K4: =COUNTIF(K7:K100,"3") -> 16 | R4: =CEILING(COUNTIF(R7:R100,"complete")/2,1) -> 2
K5: =COUNTIF(K7:K100,"4") -> 0
K6: =COUNTIF(K7:K100,"5") -> 0
D7: y | I7: y | L7: n/a | N7: agent | O7: 1 | R7: intro | S7: 45582.402 | T7: Hello! It's nice to meet you. I'm here to conduct an interview with you today to discuss your study skills. Before we begin, I just want to let you know that this conversation will be recorded and analyzed as part of a scientific study. Don't worry, everything you say will be kept confidential and anonymous. To get started, could you please tell me a little bit about your academic background? What subject is your degree in?
F8: y | K8: 3 | N8: user | O8: 2 | R8: intro | S8: 45582.403 | T8: My degree is in strategic quality management
D9: y | I9: y | L9: y | N9: agent | O9: 3 | P9: 5 | R9: strategy | S9: 45582.403 | T9: Let's move on to the next learning context: preparing for and taking oral or written exams. Can you imagine a situation where you're getting ready to take a written exam on strategic quality management? For example, you've been studying for weeks, and the exam is scheduled for next week. You're reviewing your notes and textbook, trying to make sure you're familiar with all the key concepts and theories. In this situation, what methods do you typically use to prepare for the exam?
B10: 002-001, 001-001 | C10: n | F10: y | K10: 3 | N10: user | O10: 4 | P10: 5 | R10: strategy | S10: 45582.403 | T10: I use the rote method and use different colours to memorise
C11: y | D11: y | I11: y | L11: y | N11: agent | O11: 5 | P11: 5 | Q11: 001-001 | R11: frequency | S11: 45582.403 | T11: So, you use rehearsal and mnemonic strategies, such as rote memorization and visual aids like different colors, to help you remember key concepts and information. Can you tell me how often you use these strategies when preparing for exams? Would you say you use them seldom (1), occasionally (2), frequently (3), or most of the time (4)?
C12: n | F12: y | K12: 3 | N12: user | O12: 6 | P12: 5 | Q12: 001-001 | R12: frequency | S12: 45582.404 | T12: I use these frequently
D13: y | I13: y | L13: y | N13: agent | O13: 7 | P13: 5 | Q13: 004-001 | R13: frequency | S13: 45582.404 | T13: You mentioned using different colours to memorise. That's an interesting approach. I'd like to explore that a bit further. You also mentioned earlier that you use highlighting and underlining when studying. I'd like to ask, how often do you use highlighting and underlining when preparing for and taking oral or written exams, such as the one I described earlier? Would you say you use it seldom (1), occasionally (2), frequently (3), or most of the time (4)?
F14: y | K14: 3 | N14: user | O14: 8 | P14: 5 | Q14: 004-001 | R14: frequency | S14: 45582.407 | T14: I do this occasionally
D15: y | I15: y | L15: y | N15: agent | O15: 9 | P15: 2 | Q15: 004-001 | R15: strategy | S15: 45582.407 | T15: Let's move on to a different learning context. Imagine you're at home, reviewing course material for your strategic quality management class. You're sitting at your desk, surrounded by your notes, textbooks, and other study materials. You're trying to make sense of the concepts and ideas presented in the course, and you're reviewing the material to make sure you understand it. In this situation, what methods do you typically use to review and understand the course material?
B16: 003-001, 004-002 | C16: n | F16: y | K16: 3 | N16: user | O16: 10 | P16: 2 | Q16: 004-001 | R16: strategy | S16: 45582.408 | T16: I reread the material and try to reword it to make sure I understand it
C17: n | D17: y | I17: n | J17: Ignores instruction not to comment (positively or negatively) on the user's answer | L17: n | N17: agent | O17: 11 | P17: 2 | Q17: 005-002 | R17: frequency | S17: 45582.408 | T17: So, when reviewing course material at home, you're trying to rephrase the information in your own words to make sure you grasp it. This is a great approach. On a scale from 1 to 4, where 1 means 'seldom' and 4 means 'most of the time', how often do you typically take the time to reword the material in your own words, like you mentioned, when reviewing course material at home?
C18: n | F18: y | K18: 3 | N18: user | O18: 12 | P18: 2 | Q18: 005-002 | R18: frequency | S18: 45582.408 | T18: 2
D19: y | I19: y | L19: y | N19: agent | O19: 13 | P19: 1 | Q19: 005-002 | R19: strategy | S19: 45582.408 | T19: Let's move on to a new learning context. Imagine you're attending a conference or a webinar on strategic quality management, and one of the keynote speakers is discussing a new approach to process improvement. The speaker is sharing some valuable insights and experiences, but you know you won't have a chance to review the presentation slides or transcript afterwards. You want to make sure you remember the key points and takeaways from the presentation. In this situation, which learning methods would you typically use to help you learn and remember what was said during the presentation?
B20: 004-002, 004-003 | C20: y | F20: y | K20: 3 | N20: user | O20: 14 | P20: 1 | Q20: 005-002 | R20: strategy | S20: 45582.409 | T20: i make a note of key words and draw spider diagrams for anything i think is related
C21: n | D21: y | I21: n | J21: Ignores instruction not to comment (positively or negatively) on the user's answer | L21: n | N21: agent | O21: 15 | P21: 1 | Q21: 004-002 | R21: frequency | S21: 45582.409 | T21: So, it sounds like you're using a visual approach to organize and connect the ideas presented during the talk. That's a great strategy. I'd like to ask, how often do you use this approach of making notes with key words and creating spider diagrams to help you learn and remember information from presentations or talks? Would you say you do this: 1. Seldom (only occasionally) 2. Sometimes (about half the time) 3. Often (most of the time, but not always) 4. Most of the time (almost every time you attend a presentation or talk) Please choose a number that best reflects your behavior.
F22: y | K22: 3 | N22: user | O22: 16 | P22: 1 | Q22: 004-002 | R22: frequency | S22: 45582.409 | T22: 3
D23: y | I23: y | L23: y | N23: agent | O23: 17 | P23: 6 | Q23: 004-002 | R23: strategy | S23: 45582.409 | T23: Let's move on to a new learning context. Imagine you're feeling unmotivated to study for your strategic quality management course. You've been putting off reviewing the material for a while, and now you're feeling overwhelmed by the amount of work you need to do. You're struggling to focus and get started. In this situation, what methods do you typically use to try to get motivated and start studying?
B24: 007-001, 006-001 | C24: y | F24: y | K24: 3 | N24: user | O24: 18 | P24: 6 | Q24: 004-002 | R24: strategy | S24: 45582.41 | T24: i put on relaxing music and start with the easiest and quickest parts first
C25: y | D25: y | I25: y | L25: y | N25: agent | O25: 19 | P25: 6 | Q25: 007-001 | R25: frequency | S25: 45582.41 | T25: It sounds like you're trying to create a conducive environment to help you get started. I'd like to explore this further. You mentioned that you put on relaxing music to help you study. This seems to be an example of "Environmental structuring", where you're manipulating your surroundings to facilitate learning. On a scale of 1 to 4, where 1 means "seldom" and 4 means "most of the time", how often do you use environmental structuring, such as changing your surroundings or using music, to help you study when you're feeling poorly motivated?
F26: y | K26: 3 | N26: user | O26: 20 | P26: 6 | Q26: 007-001 | R26: frequency | S26: 45582.41 | T26: 4
D27: y | I27: n | J27: Ignores instruction not to comment (positively or negatively) on the user's answer | L27: n | N27: agent | O27: 21 | P27: 6 | Q27: 006-001 | R27: frequency | S27: 45582.41 | T27: That's a good approach. Now, I'd like to ask a follow-up question to understand how often you use a specific strategy that we've identified in your previous responses. When you're feeling unmotivated to study, how often do you set specific, achievable goals for what you want to accomplish in a study session, and plan out the steps you'll take to get there? Would you say you do this seldom (1), occasionally (2), often (3), or most of the time (4)?
F28: y | K28: 3 | N28: user | O28: 22 | P28: 6 | Q28: 006-001 | R28: frequency | S28: 45582.411 | T28: 1
D29: y | I29: y | L29: y | N29: agent | O29: 23 | P29: 3 | Q29: 006-001 | R29: strategy | S29: 45582.411 | T29: Let's move on to a new learning context. Imagine you're writing a scientific paper, such as a term paper, seminar paper, internship report, or laboratory report, for your strategic quality management course. You're trying to organize your thoughts and ideas, and you need to structure your paper in a logical and coherent way. In this situation, what methods do you typically use to help you plan and organize your writing?
B30: 004-002 | C30: y | F30: y | K30: 3 | N30: user | O30: 24 | P30: 3 | Q30: 006-001 | R30: strategy | S30: 45582.411 | T30: i use a spider diagram and create a skeleton to expand on from there
D31: y | I31: y | L31: y | N31: agent | O31: 25 | P31: 3 | Q31: 004-002 | R31: frequency | S31: 45582.411 | T31: Using a spider diagram and creating a skeleton can be a helpful way to visually organize your ideas and structure your writing. I'd like to ask a follow-up question about how often you use this approach. When working on a scientific paper, such as a term paper or laboratory report, how frequently do you use visual organizers like spider diagrams or outlines to help plan and organize your writing? Please respond on a scale of 1 to 4, where 1 means 'seldom', 2 means 'occasionally', 3 means 'often', and 4 means 'most of the time'.
F32: y | K32: 3 | N32: user | O32: 26 | P32: 3 | Q32: 004-002 | R32: frequency | S32: 45582.412 | T32: 4
D33: y | I33: y | L33: y | N33: agent | O33: 27 | P33: 4 | Q33: 004-002 | R33: strategy | S33: 45582.412 | T33: Now that we've discussed your general study habits, let's move on to a specific context. Imagine you're working on a practice task to test your understanding of the course material in strategic quality management. You've just been given a case study about a manufacturing company that's struggling to meet its quality targets, and you need to analyze the situation and recommend improvements. You're sitting at your desk with the case study in front of you, and you're about to start working on the task. What methods would you typically use in this situation to complete the practice task and test your understanding of the course material?
B34: 001-002, 006-002 | C34: y | F34: y | K34: 3 | N34: user | O34: 28 | P34: 4 | Q34: 004-002 | R34: strategy | S34: 45582.413 | T34: i would compare my answers to the real answers after trying the test
C35: n | D35: y | I35: n | J35: Ignores instruction not to comment (positively or negatively) on the user's answer | L35: n | N35: agent | O35: 29 | P35: 4 | Q35: 001-002 | R35: frequency | S35: 45582.413 | T35: So, it sounds like you would try to complete the practice task on your own first, and then compare your answers to the correct ones to see how you did. That's a great way to test your understanding of the material. Now, I'd like to ask you to think about how often you use this approach of trying to complete practice tasks on your own and then checking your answers against the correct ones. Would you say you do this: 1. Seldom (only occasionally) 2. Sometimes (about half the time) 3. Often (most of the time, but not always) 4. Most of the time (almost always) Can you give me a sense of how frequently you use this approach when working on practice tasks in strategic quality management?
F36: y | K36: 3 | N36: user | O36: 30 | P36: 4 | Q36: 001-002 | R36: frequency | S36: 45582.415 | T36: 2
D37: n | E37: Final question is umprompted and promise of feedback in next message is nonsensical as some feedback has already been given | I37: y | L37: y | N37: agent | O37: 31 | Q37: 001-002 | R37: complete | S37: 45582.415 | T37: Now, I'd like to summarize some of the key points from our conversation. It seems that you use a variety of strategies to help you learn and understand the material in your strategic quality management course. Some of the strategies you mentioned include: * Using rehearsal and mnemonic strategies, such as rote memorization and visual aids, to help you remember key concepts and information * Creating notes with key words and drawing spider diagrams to help you organize and connect ideas * Using environmental structuring, such as listening to relaxing music, to help you get started when you're feeling unmotivated * Creating a skeleton outline to help you plan and organize your writing * Comparing your answers to the correct ones after trying to complete practice tasks on your own You also mentioned that you use some of these strategies more frequently than others. For example, you said that you often use environmental structuring to help you get started, but you only occasionally use goal-setting and planning to help you stay motivated. I'd like to ask you one final question. Are there any strategies or techniques that you've found to be particularly helpful in your learning, or any that you've found to be less effective? (Note: This is the final question of the interview. After this, I'll provide you with some feedback on your learning strategies and offer some suggestions for how you can improve your learning.)
F38: y | K38: 3 | N38: user | O38: 32 | P38: 4 | Q38: 001-002 | R38: complete | S38: 45582.416 | T38: i find the environmental structuring and using the pomodoro method most helpful
